pmid,title,year,doi,cited_by_count,abstract,cluster
,Bioelectric signal classification using a recurrent probabilistic neural network with time-series discriminant component analysis,2013,10.1109/embc.2013.6610768,0,,10
,Probabilistic tractography using Q-ball imaging and particle filtering: application to adult and in-utero fetal brain studies,2013,10.1016/j.media.2012.11.004,0,,7
,MiRNA recognition with the yasMiR system: the quest for further improvements,2011,10.1007/978-1-4419-7046-6_2,0,,22
,Segmentation of image ensembles via latent atlases,2010,10.1016/j.media.2010.05.004,0,,3
,Effective image retrieval based on hidden concept discovery in image database,2007,10.1109/tip.2006.888350,0,,13
,A probabilistic model for binaural sound localization,2006,10.1109/tsmcb.2006.872263,0,,3
,The Wisconsin breast cancer problem: Diagnosis and TTR/DFS time prognosis using probabilistic and generalised regression information classifiers,2006,10.3892/or.15.4.975,0,,18
,The transformation of risk modelling in cardiac and thoracic surgery through artificial intelligence,2024,10.1093/ejcts/ezae013,0,,17
,Unsupervised machine learning with independent component analysis to identify areas of progression in glaucomatous visual fields,2005,10.1167/iovs.04-1168,0,,2
,Prediction of mental health risk in adolescents,2025,10.1038/s41591-025-03560-7,0,,11
,[Shared decision-making in metaclinical medicine: from informed consent to shared probability],2024,10.1714/4244.42203,0,,14
,Dr. Answer AI for Prostate Cancer: Predicting Biochemical Recurrence Following Radical Prostatectomy,2021,10.1177/15330338211024660,0,,20
,A computationally efficient biomedical text processing framework for pharmacovigilance: integrating low-rank adaptation and interpretable AI for adverse drug reaction detection,2026,10.1007/s11517-025-03477-w,0,,18
,Exploring new possibilities for case-based explanation of artificial neural network ensembles,2009,10.1016/j.neunet.2008.09.014,0,,15
,Effect of feature extraction for brain tumor classification based on short echo time 1H MR spectra,2008,10.1002/mrm.21626,0,,13
,Exploring ChatGPT's potential in ECG interpretation and outcome prediction in emergency department,2025,10.1016/j.ajem.2024.11.023,0,,19
,"The Role of Artificial Intelligence on Tumor Boards: Perspectives from Surgeons, Medical Oncologists and Radiation Oncologists",2024,10.3390/curroncol31090369,0,,17
,User Satisfaction with an AI System for Chest X-Ray Analysis Implemented in a Hospital's Emergency Setting,2022,10.3233/shti220386,0,,17
,Potential impact of advanced clinical information technology on cancer care in 2015,2006,10.1007/s10552-006-0020-z,0,,16
,Bayesian models of object perception,2003,10.1016/s0959-4388(03)00042-4,0,,3
,Explainable Artificial Intelligence Methods in Combating Pandemics: A Systematic Review,2023,10.1109/rbme.2022.3185953,0,,19
,Automatic Classification of Diabetic Foot Ulcer Images - A Transfer-Learning Approach to Detect Wound Maceration,2022,10.3233/shti210919,0,,4
,Recent advances in the technology of anesthesia,2020,10.12688/f1000research.24059.1,0,,17
,Sparse kernel learning with LASSO and Bayesian inference algorithm,2010,10.1016/j.neunet.2009.07.001,0,,1
,Dynamic causal modeling for EEG and MEG,2009,10.1002/hbm.20775,0,,3
,Bayesian computation in recurrent neural circuits,2004,10.1162/08997660460733976,0,,3
,Is probability the only coherent approach to uncertainty?,2008,10.1111/j.1539-6924.2008.01058.x,0,,2
,Inference from aging information,2010,10.1109/tnn.2010.2046422,0,,11
,Process accident prediction using Bayesian network based on IT2Fs and Z-number: A case study of spherical tanks,2024,10.1371/journal.pone.0307883,0,,15
,An Integrated Quantitative Risk Assessment Method for Underground Engineering Fires,2022,10.3390/ijerph192416934,0,,10
,LEAP: biomarker inference through learning and evaluating association patterns,2015,10.1002/gepi.21889,0,,18
,Human reliability analysis of high-temperature molten metal operation based on fuzzy CREAM and Bayesian network,2021,10.1371/journal.pone.0254861,0,,15
,Development of a variational scheme for model inversion of multi-area model of brain. Part II: VBEM method,2011,10.1016/j.mbs.2010.11.001,0,,3
,Modeling of acetylcholinesterase inhibition by tacrine analogues using Bayesian-regularized Genetic Neural Networks and ensemble averaging,2006,10.1080/14756360600862366,0,,18
,"Using Bayesian dynamical systems, model averaging and neural networks to determine interactions between socio-economic indicators",2018,10.1371/journal.pone.0196355,0,,8
,Bayesian nonparametric dictionary learning for compressed sensing MRI,2014,10.1109/tip.2014.2360122,0,,6
,Attenuation resilient AIF estimation based on hierarchical Bayesian modelling for first pass myocardial perfusion MRI,2007,10.1007/978-3-540-75757-3_48,0,,7
,Bayesian analysis of mass spectrometry proteomic data using wavelet-based functional mixed models,2008,10.1111/j.1541-0420.2007.00895.x,0,,21
,Artificial intelligence based detection of age-related macular degeneration using optical coherence tomography with unique image preprocessing,2023,10.1177/11206721221096294,0,,2
,Feasibility of a Neural Network-Based Virtual Sensor for Vehicle Unsprung Mass Relative Velocity Estimation,2021,10.3390/s21217139,0,,10
,Identifying progressive CKD from healthy population using Bayesian network and artificial intelligence: A worksite-based cohort study,2019,10.1038/s41598-019-41663-7,0,,15
,Analysis of high-dimensional genomic data using MapReduce based probabilistic neural network,2020,10.1016/j.cmpb.2020.105625,0,,21
,Three-dimensional biplanar reconstruction of scoliotic rib cage using the estimation of a mixture of probabilistic prior models,2005,10.1109/tbme.2005.855717,0,,6
,Lung-DDPM+: Efficient thoracic CT image synthesis using diffusion probabilistic model,2025,10.1016/j.compbiomed.2025.111290,0,,6
,Learning Bayesian networks from demographic and health survey data,2021,10.1016/j.jbi.2020.103588,0,,15
,Modelling and predicting the biological effects of nanomaterials,2014,10.1080/1062936x.2013.874367,0,,9
,Bayesian multi-task learning for decoding multi-subject neuroimaging data,2014,10.1016/j.neuroimage.2014.02.008,0,,3
,Using unsupervised learning with independent component analysis to identify patterns of glaucomatous visual field defects,2005,10.1167/iovs.04-1167,0,,2
,Automated classification of radiology reports to facilitate retrospective study in radiology,2014,10.1007/s10278-014-9708-x,0,,14
,Diabetic retinopathy risk prediction for fundus examination using sparse learning: a cross-sectional study,2013,10.1186/1472-6947-13-106,0,,2
,External Validation of PATHFx Version 3.0 in Patients Treated Surgically and Nonsurgically for Symptomatic Skeletal Metastases,2020,10.1097/corr.0000000000001081,0,,14
,"Do machine learning methods make better predictions than conventional ones in pharmacoepidemiology? A systematic review, meta-analysis, and network meta-analysis",2026,10.1016/j.artmed.2025.103312,0,,14
,HearteXplain: explainable prediction of acute heart failure and identification of hematologic biomarkers using EBMs and Morris sensitivity analysis,2025,10.1038/s41598-025-23668-7,0,,19
,Using electronic health records to develop and validate a machine-learning tool to predict type 2 diabetes outcomes: a study protocol,2021,10.1136/bmjopen-2020-046716,0,,20
,Predictive models of medication non-adherence risks of patients with T2D based on multiple machine learning algorithms,2020,10.1136/bmjdrc-2019-001055,0,,20
,eNose breath prints as a surrogate biomarker for classifying patients with asthma by atopy,2020,10.1016/j.jaci.2020.05.038,0,,19
,Distribution-free Bayesian regularized learning framework for semi-supervised learning,2024,10.1016/j.neunet.2024.106262,0,,1
,Simulation-based inference for efficient identification of generative models in computational connectomics,2023,10.1371/journal.pcbi.1011406,0,,21
,Supporting Risk-Aware Use of Online Translation Tools in Delivering Mental Healthcare Services among Spanish-Speaking Populations,2021,10.1155/2021/1011197,0,,12
,Redefining Parameter Estimation and Covariate Selection via Variational Autoencoders: One Run Is All You Need,2025,10.1002/psp4.70129,0,,1
,Optimization of hemocompatibility metrics in ventricular assist device design using machine learning and CFD-based response surface analysis,2025,10.1177/03913988251346712,0,,19
,DeepMiceTL: a deep transfer learning based prediction of mice cardiac conduction diseases using early electrocardiograms,2023,10.1093/bib/bbad109,0,,4
,Exploiting Epistemic Uncertainty of Anatomy Segmentation for Anomaly Detection in Retinal OCT,2020,10.1109/tmi.2019.2919951,0,,2
,Early clinical evaluation of a machine-learning system for risk prediction of trauma-induced coagulopathy in the prehospital setting,2025,10.1136/emermed-2024-214396,0,,19
,Hand gestures classification of sEMG signals based on BiLSTM-metaheuristic optimization and hybrid U-Net-MobileNetV2 encoder architecture,2024,10.1038/s41598-024-82676-1,0,,10
,Understanding the association of longitudinal body mass index patterns in children and their parents: A data-driven study from the TARGet Kids! cohort,2025,10.1016/j.orcp.2025.04.011,0,,19
,Accuracy and uncertainty of geostatistical models versus machine learning for digital mapping of soil calcium and potassium,2022,10.1007/s10661-022-10434-9,0,,0
,Machine Learning Model Analysis and Data Visualization with Small Molecules Tested in a Mouse Model of Mycobacterium tuberculosis Infection (2014-2015),2016,10.1021/acs.jcim.6b00004,0,,18
,Genome-enabled prediction of reproductive traits in Nellore cattle using parametric models and machine learning methods,2021,10.1111/age.13021,0,,22
,Sorption Behavior of Azo Dye Congo Red onto Activated Biochar from Haematoxylum campechianum Waste: Gradient Boosting Machine Learning-Assisted Bayesian Optimization for Improved Adsorption Process,2024,10.3390/ijms25094771,0,,9
,Effective Semi-Supervised Medical Image Segmentation With Probabilistic Representations and Prototype Learning,2025,10.1109/tmi.2024.3484166,0,,7
,Massive external validation of a machine learning algorithm to predict pulmonary embolism in hospitalized patients,2022,10.1016/j.thromres.2022.05.016,0,,19
,Machine learning based early mortality prediction in the emergency department,2021,10.1016/j.ijmedinf.2021.104570,0,,19
,Optimization enabled ensemble based deep learning model for elderly falling risk prediction,2025,10.1080/10255842.2025.2514802,0,,10
,Habitat-aware radiomics and adaptive 2.5D deep learning predict treatment response and long-term survival in ESCC patients undergoing neoadjuvant chemoimmunotherapy,2026,10.1007/s00259-025-07522-6,0,,4
,Improved accuracy and efficiency of primary care fall risk screening of older adults using a machine learning approach,2024,10.1111/jgs.18776,0,,19
,Machine learning algorithms as early diagnostic tools for pancreatic fistula following pancreaticoduodenectomy and guide drain removal: A retrospective cohort study,2022,10.1016/j.ijsu.2022.106638,0,,19
,Machine learning approaches classify clinical malaria outcomes based on haematological parameters,2020,10.1186/s12916-020-01823-3,0,,19
,CatBoost Machine Learning Model for Thrombosis Risk Prediction in Critically Ill Cancer Patients: A MIMIC-IV Database Study,2026,10.1177/10760296251408357,0,,19
,Development and implementation of explainable AI-based machine learning models for predicting hospital stay and treatment costs in cardiovascular patients,2025,10.1038/s41598-025-33005-7,0,,19
,Development and validation of an interpretable machine learning model for osteoporosis prediction using routine blood tests: a retrospective cohort study,2025,10.1186/s12911-025-03292-1,0,,19
,Machine Learning Models for Frailty Classification of Older Adults in Northern Thailand: Model Development and Validation Study,2025,10.2196/62942,0,,19
,Methodology and development of a machine learning probability calculator: Data heterogeneity limits ability to predict recurrence after arthroscopic Bankart repair,2025,10.1002/ksa.12443,0,,19
,ChatDiff: A ChatGPT-based diffusion model for long-tailed classification,2025,10.1016/j.neunet.2024.106794,0,,1
,Histopathology image classification based on semantic correlation clustering domain adaptation,2025,10.1016/j.artmed.2025.103110,0,,13
,Texture-preserving diffusion model for CBCT-to-CT synthesis,2025,10.1016/j.media.2024.103362,0,,6
,Self-supervised representation learning for surgical activity recognition,2021,10.1007/s11548-021-02493-z,0,,17
,"Incidence, risk factors, and machine learning prediction models of rib fractures in patients with traumatic thoracic vertebral fractures",2025,10.1016/j.injury.2025.112728,0,,19
,Machine learning models based on a national-scale cohort accurately identify patients at high risk of deep vein thrombosis following primary total hip arthroplasty,2025,10.1016/j.otsr.2025.104238,0,,19
,Machine Learning Approach for Sepsis Risk Assessment in Ischemic Stroke Patients,2025,10.1177/08850666241308195,0,,19
,Machine-learning based prediction of appendicitis for patients presenting with acute abdominal pain at the emergency department,2024,10.1186/s13017-024-00570-7,0,,19
,External validation of a machine learning model to predict hemodynamic instability in intensive care unit,2022,10.1186/s13054-022-04088-9,0,,19
,Machine Learning-Based Early Warning Systems for Clinical Deterioration: Systematic Scoping Review,2021,10.2196/25187,0,,19
,A deep learning approach to predicting hospitalized patients' SEIRD states using multimodal spatiotemporal data,2026,10.1016/j.ijmedinf.2025.106157,0,,4
,A machine learning model for nowcasting epidemic incidence,2022,10.1016/j.mbs.2021.108677,0,,19
,Shape-invariant encoding of dynamic primate facial expressions in human perception,2021,10.7554/elife.61197,0,,6
,Deep Learning-Based Detection and Diagnosis of Subarachnoid Hemorrhage,2021,10.1155/2021/9639419,0,,5
,Forecasting fish mortality from water and air quality data using deep learning models,2024,10.1002/jeq2.20574,0,,10
,AI-driven diagnosis of Lassa fever: Evidence from Nigerian clinical records,2026,10.1016/j.compbiolchem.2025.108627,0,,19
,Predicting postprandial glucose excursions to personalize dietary interventions for type-2 diabetes management,2025,10.1038/s41598-025-08003-4,0,,19
,"Integrated machine learning and deep learning for predicting diabetic nephropathy model construction, validation, and interpretability",2024,10.1007/s12020-024-03735-1,0,,10
,Comparison of machine learning techniques to predict all-cause mortality using fitness data: the Henry ford exercIse testing (FIT) project,2017,10.1186/s12911-017-0566-6,0,,19
,"Digital Cardiovascular Twins, AI Agents, and Sensor Data: A Narrative Review from System Architecture to Proactive Heart Health",2025,10.3390/s25175272,0,,17
,"COVID-19 detection from chest X-ray images using CLAHE-YCrCb, LBP, and machine learning algorithms",2024,10.1186/s12859-023-05427-5,0,,4
,Predicting Pharmacological Treatment Response in Migraine Using AI/ML: A Scoping Review of the Evidence and Future Directions,2026,10.1002/phar.70085,0,,20
,Artificial intelligence-based prediction of the rheological properties of hydrocolloids for plant-based meat analogues,2024,10.1002/jsfa.13334,0,,9
,Scan-Specific Self-Supervised Bayesian Deep Non-Linear Inversion for Undersampled MRI Reconstruction,2024,10.1109/tmi.2024.3364911,0,,6
,"Phyloformer: Fast, Accurate, and Versatile Phylogenetic Reconstruction with Deep Neural Networks",2025,10.1093/molbev/msaf051,0,,21
,CACONET: a novel classification framework for microbial correlation networks,2022,10.1093/bioinformatics/btab879,0,,21
,Dependency Factors in Evidence Theory: An Analysis in an Information Fusion Scenario Applied in Adverse Drug Reactions,2022,10.3390/s22062310,0,,14
,Digital twins and Bayesian dynamic borrowing: Two recent approaches for incorporating historical control data,2024,10.1002/pst.2376,0,,8
,Predictive risk models for COVID-19 patients using the multi-thresholding meta-algorithm,2024,10.1038/s41598-024-77386-7,0,,19
,Neo-adjuvant chemoradiotherapy response prediction using MRI based ensemble learning method in rectal cancer patients,2019,10.1016/j.ejmp.2019.03.013,0,,20
,Prediction of diabetes insipidus occurrence after endoscopic endonasal removal of sellar lesions using MRI-based radiomics and machine learning,2025,10.23736/s0390-5616.23.06162-3,0,,4
,Identifying key soil characteristics for Francisella tularensis classification with optimized Machine learning models,2024,10.1038/s41598-024-51502-z,0,,0
,The Sydney Triage to Admission Risk Tool (START2) using machine learning techniques to support disposition decision-making,2019,10.1111/1742-6723.13199,0,,19
,Application of Machine Learning Techniques for Clinical Predictive Modeling: A Cross-Sectional Study on Nonalcoholic Fatty Liver Disease in China,2018,10.1155/2018/4304376,0,,19
,Bayesian Optimization for Efficient Multiobjective Formulation Development of Biologics,2025,10.1021/acs.molpharmaceut.5c00591,0,,15
,Complex genetic admixture histories reconstructed with Approximate Bayesian Computation,2021,10.1111/1755-0998.13325,0,,21
,Bayesian and Machine Learning Models for Genomic Prediction of Anterior Cruciate Ligament Rupture in the Canine Model,2020,10.1534/g3.120.401244,0,,22
,High-Throughput and Autonomous Grazing Incidence X-ray Diffraction Mapping of Organic Combinatorial Thin-Film Library Driven by Machine Learning,2020,10.1021/acscombsci.0c00037,0,,18
,Engineering multispecific antibodies with complete killing selectivity through the closed-loop integration of machine learning and high-throughput experimentation,2025,10.1080/19420862.2025.2598093,0,,18
,Correlates of cancer prevalence across census tracts in the United States: A Bayesian machine learning approach,2022,10.1016/j.sste.2022.100522,0,,15
,A primer on Variational Laplace (VL),2023,10.1016/j.neuroimage.2023.120310,0,,1
,Uncovering nonlinear patterns in time-sensitive prehospital breathing emergencies: an exploratory machine learning study,2025,10.1186/s12911-025-03046-z,0,,19
,Development and internal validation of a machine learning prediction model for low back pain non-recovery in patients with an acute episode consulting a physiotherapist in primary care,2022,10.1186/s12891-022-05718-7,0,,19
,Sequence2Vec: a novel embedding approach for modeling transcription factor binding affinity landscape,2017,10.1093/bioinformatics/btx480,0,,22
,Enhancing healthcare classification with hybrid multimedia data processing and deep learning TNBO FCNN approach in IoT-enabled environments,2025,10.1038/s41598-025-33141-0,0,,4
,Comparing nonparametric Bayesian tree priors for clonal reconstruction of tumors,2015,,0,,6
,Enhancing the accuracy and effectiveness of diagnosis of spontaneous bacterial peritonitis in cirrhotic patients: A machine learning approach utilizing clinical and laboratory data,2025,10.1016/j.advms.2024.10.001,0,,19
,Detection of primary Sjögren's syndrome in primary care: developing a classification model with the use of routine healthcare data and machine learning,2022,10.1186/s12875-022-01804-w,0,,19
,Predicting hematoma expansion after intracerebral hemorrhage: a comparison of clinician prediction with deep learning radiomics models,2025,10.1007/s12028-025-02214-3,0,,4
,"Nonparametric Bayesian Regression and Classification on Manifolds, With Applications to 3D Cochlear Shapes",2022,10.1109/tip.2022.3147971,0,,6
,Predicting stimulated C-peptide in type 1 diabetes using machine learning: a web-based tool from the T1D exchange registry,2025,10.1016/j.diabres.2025.112453,0,,20
,Machine learning-based prediction model for late recurrence after surgery in patients with renal cell carcinoma,2022,10.1186/s12911-022-01964-w,0,,19
,Analyzing the Efficacy of an Open Access Biomedical Informatics Boot Camp,2024,10.3233/shti240711,0,,16
,A Controlled Trial Using Natural Language Processing to Examine the Language of Suicidal Adolescents in the Emergency Department,2016,10.1111/sltb.12180,0,,12
,Optimized prediction of diabetes complications using ensemble learning with Bayesian optimization: a cost-efficient laboratory-based approach,2025,10.3389/fendo.2025.1593068,0,,20
,Identification of Comorbidities in Obstructive Sleep Apnea Using Diverse Data and a One-Dimensional Convolutional Neural Network,2026,10.3390/s26031056,0,,19
,A Decision-Support Tool for Renal Mass Classification,2018,10.1007/s10278-018-0100-0,0,,14
,Dermoscopically informed deep learning model for classification of actinic keratosis and cutaneous squamous cell carcinoma,2025,10.1038/s41598-025-31259-9,0,,5
,Prognostic tools for elderly patients with sepsis: in search of new predictive models,2021,10.1007/s11739-021-02729-5,0,,19
,An investigation of machine learning methods applied to genomic prediction in yellow-feathered broilers,2025,10.1016/j.psj.2024.104489,0,,22
,MOD: A novel machine-learning optimal-filtering method for accurate and efficient detection of subthreshold synaptic events in vivo,2021,10.1016/j.jneumeth.2021.109125,0,,13
,Two-Year Hypertension Incidence Risk Prediction in Populations in the Desert Regions of Northwest China: Prospective Cohort Study,2025,10.2196/68442,0,,19
,A Fully Automated Analytic System for Measuring Endolymphatic Hydrops Ratios in Patients With Ménière Disease via Magnetic Resonance Imaging: Deep Learning Model Development Study,2021,10.2196/29678,0,,4
,Utilization of artificial intelligence in prostate cancer detection: a comprehensive review of innovations in screening and diagnosis,2025,10.3389/fimmu.2025.1670671,0,,17
,Using machine learning to deeply analyze the critical role of trace element additives in anaerobic digestion and guide the optimization of addition strategies,2026,10.1016/j.watres.2025.124693,0,,9
,Discriminant analysis and machine learning approach for evaluating and improving the performance of immunohistochemical algorithms for COO classification of DLBCL,2019,10.1186/s12967-019-1951-y,0,,18
,Optimizing multicopy chromosomal integration for stable high-performing strains,2024,10.1038/s41589-024-01650-0,0,,21
,Artificial Intelligence-Driven Image and Data Analytics in Anesthesia,2025,10.1016/j.anclin.2025.07.001,0,,17
,Malignant arrhythmia risk assessment based on lead-I mobile ECG measurements using machine learning,2026,10.1016/j.jelectrocard.2026.154194,0,,19
,"Types, functions, and mechanisms of machine learning for personalizing smoking cessation interventions: A systematic scoping review",2025,10.1016/j.artmed.2025.103274,0,,20
,Machine Learning Models for Mycobacterium tuberculosisIn Vitro Activity: Prediction and Target Visualization,2022,10.1021/acs.molpharmaceut.1c00791,0,,18
,Real-World Effectiveness of Lung Cancer Screening Using Deep Learning-Based Counterfactual Prediction,2024,10.3233/shti230999,0,,5
,Multi-Disease Detection in Retinal Imaging Based on Ensembling Heterogeneous Deep Learning Models,2021,10.3233/shti210537,0,,2
,High correlations between MRI brain volume measurements based on NeuroQuant(®) and FreeSurfer,2018,10.1016/j.pscychresns.2018.05.007,0,,13
,Application of Bayesian networks in determining nanoparticle-induced cellular outcomes using transcriptomics,2019,10.1080/17435390.2019.1595206,0,,21
,Multitask Learning for Activity Detection in Neovascular Age-Related Macular Degeneration,2023,10.1167/tvst.12.4.12,0,,2
,Machine learning approaches toward an understanding of acute kidney injury: current trends and future directions,2024,10.3904/kjim.2024.098,0,,19
,Uncertainty-aware diabetic retinopathy detection using deep learning enhanced by Bayesian approaches,2025,10.1038/s41598-024-84478-x,0,,2
,Enhanced survival prediction using explainable artificial intelligence in heart transplantation,2022,10.1038/s41598-022-23817-2,0,,17
,A Novel Tropical Geometry-Based Interpretable Machine Learning Method: Pilot Application to Delivery of Advanced Heart Failure Therapies,2023,10.1109/jbhi.2022.3211765,0,,19
,Machine Learning Techniques for Prediction of Early Childhood Obesity,2015,10.4338/aci-2015-03-ra-0036,0,,19
,[Artificial intelligence for the management and monitoring of cardiovascular disease],2026,10.1714/4618.46266,0,,17
,A novel contrastive Dual-Branch Network (CDB-Net) for robust EEG-Based Alzheimer's disease diagnosis,2025,10.1016/j.brainres.2025.149863,0,,13
,Harnessing genotype and phenotype data for population-scale variant classification using large language models and bayesian inference,2025,10.1007/s00439-025-02743-z,0,,21
,Accurate single-molecule spot detection for image-based spatial transcriptomics with weakly supervised deep learning,2024,10.1016/j.cels.2024.04.006,0,,22
,CREAMMIST: an integrative probabilistic database for cancer drug response prediction,2023,10.1093/nar/gkac911,0,,18
,Paying attention to cardiac surgical risk: An interpretable machine learning approach using an uncertainty-aware attentive neural network,2023,10.1371/journal.pone.0289930,0,,19
,Clinical assessment of deep learning-based uncertainty maps in lung cancer segmentation,2024,10.1088/1361-6560/ad1a26,0,,2
,"Artificial Intelligence in Anesthesiology: Current Techniques, Clinical Applications, and Limitations",2020,10.1097/aln.0000000000002960,0,,17
,The MindGomoku: An Online P300 BCI Game Based on Bayesian Deep Learning,2021,10.3390/s21051613,0,,3
,Enhanced Machine Learning Approach to ADHD Classification Using Actigraphy Data,2025,10.3233/shti250688,0,,11
,Developing machine learning models to personalize care levels among emergency room patients for hospital admission,2021,10.1093/jamia/ocab118,0,,19
,The origin and evolution of open habitats in North America inferred by Bayesian deep learning models,2022,10.1038/s41467-022-32300-5,0,,8
,Machine Learning-Based Prediction of Malnutrition in Surgical In-Patients: A Validation Pilot Study,2024,10.3233/shti240029,0,,19
,Challenges and Opportunities for Bayesian Statistics in Proteomics,2022,10.1021/acs.jproteome.1c00859,0,,21
,A review of uncertainty quantification in medical image analysis: Probabilistic and non-probabilistic methods,2024,10.1016/j.media.2024.103223,0,,2
,Cutting-edge bayesian deep learning and statistical strategies for bias mitigation in COVID-19 detection via chest x-ray imaging,2025,10.1038/s41598-025-28723-x,0,,4
,"Linking Electronic Health Records for Multiple Sclerosis Research: Comparative Study of Deterministic, Probabilistic, and Machine Learning Linkage Methods",2026,10.2196/79869,0,,20
,Using machine learning to improve ensemble docking for drug discovery,2020,10.1002/prot.25899,0,,18
,A general optimization protocol for molecular property prediction using a deep learning network,2022,10.1093/bib/bbab367,0,,18
,Multi-data fusion and machine learning for predicting ballast water discharge in ports,2026,10.1016/j.marpolbul.2025.119095,0,,8
,A multi-conformational virtual screening approach based on machine learning targeting PI3Kγ,2021,10.1007/s11030-021-10243-1,0,,18
,Deep learning for electronic health records: A comparative review of multiple deep neural architectures,2020,10.1016/j.jbi.2019.103337,0,,4
,"Explainable deep learning-based multiclass classification of foot radiographs into normal, plantar fasciitis, and flatfoot",2026,10.1016/j.clinimag.2026.110724,0,,5
,Deep Learning Ensemble Method for Classifying Glaucoma Stages Using Fundus Photographs and Convolutional Neural Networks,2021,10.1080/02713683.2021.1900268,0,,2
,Drone phenotyping and machine learning enable discovery of loci regulating daily floral opening in lettuce,2021,10.1093/jxb/erab081,0,,21
,Estimating evapotranspiration by coupling Bayesian model averaging methods with machine learning algorithms,2021,10.1007/s10661-021-08934-1,0,,0
,Comparison of Machine Learning Models for the Androgen Receptor,2020,10.1021/acs.est.0c03984,0,,18
,Data-driven discovery of digital twins in biomedical research,2026,10.1093/bib/bbaf722,0,,15
,AI-driven CardioPredict: A synergistic ensemble framework for heart health monitoring,2025,10.1177/03913988251360543,0,,19
,"Integrative analysis of genetic variability and functional traits in lung adenocarcinoma epithelial cells via single-cell RNA sequencing, GWAS, bayesian deconvolution, and machine learning",2025,10.1007/s13258-025-01621-2,0,,22
,Refining hydrogel-based sorbent design for efficient toxic metal removal using machine learning-Bayesian optimization,2024,10.1016/j.jhazmat.2024.135688,0,,9
,Impact on place of death in cancer patients: a causal exploration in southern Switzerland,2020,10.1186/s12904-020-00664-4,0,,15
,InfEHR: Clinical phenotype resolution through deep geometric learning on electronic health records,2025,10.1038/s41467-025-63366-6,0,,4
,Mesoscopic structure graphs for interpreting uncertainty in non-linear embeddings,2024,10.1016/j.compbiomed.2024.109105,0,,2
,Effects of additional data on Bayesian clustering,2017,10.1016/j.neunet.2017.06.015,0,,8
,A quality detection method of corn based on spectral technology and deep learning model,2024,10.1016/j.saa.2023.123472,0,,0
,Detection of Fake News Text Classification on COVID-19 Using Deep Learning Approaches,2021,10.1155/2021/5514220,0,,4
,Deep Learning for Accelerometric Data Assessment and Ataxic Gait Monitoring,2021,10.1109/tnsre.2021.3051093,0,,10
,Multimodal diagnosis of Parkinson's disease with an internet-based collaborative agent architecture of medical language models,2026,10.1016/j.compbiomed.2026.111468,0,,11
,DeepHistoClass: A Novel Strategy for Confident Classification of Immunohistochemistry Images Using Deep Learning,2021,10.1016/j.mcpro.2021.100140,0,,5
,"Relation extraction from DailyMed structured product labels by optimally combining crowd, experts and machines",2021,10.1016/j.jbi.2021.103902,0,,0
,Uncertainty quantification in skin cancer classification using three-way decision-based Bayesian deep learning,2021,10.1016/j.compbiomed.2021.104418,0,,2
,Exploring the Intersection between Social Determinants of Health and Unmet Dental Care Needs Using Deep Learning,2020,10.3390/ijerph17197286,0,,5
,Developing and validating machine learning models to predict next-day extubation,2025,10.1038/s41598-025-12264-4,0,,19
,Evaluations of artificial intelligence and machine learning algorithms in neurodiagnostics,2024,10.1152/jn.00404.2023,0,,11
,Bayesian machine learning to discover Bruton's tyrosine kinase inhibitors,2020,10.1111/cbdd.13656,0,,18
,Bayesian deep learning outperforms clinical trial estimators of intracerebral and intraventricular hemorrhage volume,2022,10.1111/jon.12997,0,,4
,Bayesian QuickNAT: Model uncertainty in deep whole-brain segmentation for structure-wise quality control,2019,10.1016/j.neuroimage.2019.03.042,0,,7
,"BayeshERG: a robust, reliable and interpretable deep learning model for predicting hERG channel blockers",2022,10.1093/bib/bbac211,0,,4
,SiCRNN: A Siamese Approach for Sleep Apnea Identification via Tracheal Microphone Signals,2024,10.3390/s24237782,0,,19
,Exploring species taxonomic kingdom using information entropy and nucleotide compositional features of coding sequences based on machine learning methods,2025,10.1016/j.ymeth.2025.03.023,0,,21
,Deep learning classification of lung cancer histology using CT images,2021,10.1038/s41598-021-84630-x,0,,5
,"AI-Assisted Detection of Interproximal, Occlusal, and Secondary Caries on Bite-Wing Radiographs: A Single-Shot Deep Learning Approach",2024,10.1007/s10278-024-01113-x,0,,5
,Deep learning in stroke therapeutics: drug repurposing and beyond,2026,10.1080/17460441.2026.2619641,0,,4
,Identifying Medical Diagnoses and Treatable Diseases by Image-Based Deep Learning,2018,10.1016/j.cell.2018.02.010,0,,5
,Development of an explainable artificial intelligence model for Asian vascular wound images,2024,10.1111/iwj.14565,0,,17
,"Deep learning simulation and decision support system for groundwater salinity risk assessment in the lower Chao Phraya River Basin, Thailand",2025,10.1007/s10661-025-14681-4,0,,10
,Introduction to The Spine Journal special issue on artificial intelligence and machine learning,2021,10.1016/j.spinee.2021.03.028,0,,11
,Pixel-scale satellite forecasting of cyanobacteria in Florida lakes,2026,10.1016/j.hal.2025.103041,0,,0
,Personalized prediction of daily eczema severity scores using a mechanistic machine learning model,2020,10.1111/cea.13717,0,,19
,"Machine learning and Bayesian network analyses identifies associations with insomnia in a national sample of 31,285 treatment-seeking college students",2024,10.1186/s12888-024-06074-7,0,,11
,Untangling the role of one-carbon metabolism in colorectal cancer risk: a comprehensive Bayesian network analysis,2017,10.1038/srep43434,0,,15
,Digital pathology systems enabling quality patient care,2023,10.1002/gcc.23192,0,,16
,Using predictive analytics to identify drug-resistant epilepsy patients,2020,10.1177/1460458219833120,0,,20
,An attention based deep learning model of clinical events in the intensive care unit,2019,10.1371/journal.pone.0211057,0,,4
,Personalized Pancreatic Cancer Management: A Systematic Review of How Machine Learning Is Supporting Decision-making,2019,10.1097/mpa.0000000000001312,0,,20
,A new sequence based encoding for prediction of host-pathogen protein interactions,2019,10.1016/j.compbiolchem.2018.12.001,0,,22
,Approximate Bayesian MLP regularization for regression in the presence of noise,2016,10.1016/j.neunet.2016.07.010,0,,1
,Machine Learning Approach for Predicting Systemic Lupus Erythematosus in an Oman-Based Cohort,2023,10.18295/squmj.12.2022.069,0,,19
,A machine learning algorithm to analyse the effects of vaccination on COVID-19 mortality,2022,10.1017/s0950268822001418,0,,19
,Imaging and machine learning techniques for diagnosis of Alzheimer's disease,2016,10.1515/revneuro-2016-0029,0,,13
,A Machine Learning Strategy for Drug Discovery Identifies Anti-Schistosomal Small Molecules,2021,10.1021/acsinfecdis.0c00754,0,,18
,Using machine learning to model nontraditional spatial dependence in occupancy data,2022,10.1002/ecy.3563,0,,0
,Probabilistic Prediction of Nonadherence to Psychiatric Disorder Medication from Mental Health Forum Data: Developing and Validating Bayesian Machine Learning Classifiers,2022,10.1155/2022/6722321,0,,11
,Assessment of tissue toxicity risk in breast radiotherapy using Bayesian networks,2022,10.1002/mp.15651,0,,15
,Enhancing the security of patients' portals and websites by detecting malicious web crawlers using machine learning techniques,2019,10.1016/j.ijmedinf.2019.103976,0,,11
,Identifying geographically differentiated features of Ethopian Nile tilapia (Oreochromis niloticus) morphology with machine learning,2021,10.1371/journal.pone.0249593,0,,21
,A hybrid GAN-based deep learning framework for thermogram-based breast cancer detection,2025,10.1038/s41598-025-04676-z,0,,5
,Efficient multi-finger vein recognition using layer-wise progressive MobileNet fine-tuning and a Dense-Head Probabilistic Siamese Network,2025,10.1038/s41598-025-32132-5,0,,4
,Predicting arsenic bioaccessibility: A global data-driven machine learning approach and its implication for reducing carbon emissions,2025,10.1016/j.jhazmat.2025.139358,0,,9
,Machine Learning and Artificial Intelligence for Surgical Decision Making,2021,10.1089/sur.2021.007,0,,17
,Unsupervised learning of probabilistic diffeomorphic registration for images and surfaces,2019,10.1016/j.media.2019.07.006,0,,6
,Glass box machine learning for retrospective cohort studies using many patient records. The complex example of bleeding peptic ulcer,2024,10.1016/j.compbiomed.2024.108085,0,,19
,"Automated, machine learning-based alerts increase epilepsy surgery referrals: A randomized controlled trial",2023,10.1111/epi.17629,0,,20
,Detection of periodontal bone loss and periodontitis from 2D dental radiographs via machine learning and deep learning: systematic review employing APPRAISE-AI and meta-analysis,2025,10.1093/dmfr/twae070,0,,5
,Repurposing High-Throughput Image Assays Enables Biological Activity Prediction for Drug Discovery,2018,10.1016/j.chembiol.2018.01.015,0,,18
,Classification between Normal and Cancerous Human Urothelial Cells by Using Micro-Dimensional Electrochemical Impedance Spectroscopy Combined with Machine Learning,2022,10.3390/s22207969,0,,20
,Applications of Machine Learning Methods in Drug Toxicity Prediction,2018,10.2174/1568026618666180727152557,0,,18
,Effectiveness of Artificial Intelligence Models for Cardiovascular Disease Prediction: Network Meta-Analysis,2022,10.1155/2022/5849995,0,,19
,Improving postoperative length of stay forecasting with retrieval-augmented prediction,2025,10.1093/jamia/ocaf154,0,,19
,"Exploring prospects, hurdles, and road ahead for generative artificial intelligence in orthopedic education and training",2024,10.1186/s12909-024-06592-8,0,,17
,Machine Learning-Based Boosted Regression Ensemble Combined with Hyperparameter Tuning for Optimal Adaptive Learning,2022,10.3390/s22103776,0,,1
,A Novel Panel of Plasma Proteins Predicts Progression in Prodromal Alzheimer's Disease,2022,10.3233/jad-220256,0,,13
,The point-of-care use of a facial phenotyping tool in the genetics clinic: Enhancing diagnosis and education with machine learning,2021,10.1002/ajmg.a.62092,0,,4
,Using Machine Learning and Natural Language Processing to Review and Classify the Medical Literature on Cancer Susceptibility Genes,2019,10.1200/cci.19.00042,0,,12
,Can Predictive Modeling Tools Identify Patients at High Risk of Prolonged Opioid Use After ACL Reconstruction?,2020,10.1097/corr.0000000000001251,0,,20
,Prediction of Drug-Induced Liver Injury: From Molecular Physicochemical Properties and Scaffold Architectures to Machine Learning Approaches,2024,10.1111/cbdd.14607,0,,18
,Predicting graft and patient outcomes following kidney transplantation using interpretable machine learning models,2024,10.1038/s41598-024-66976-0,0,,19
,Calculated Medicine: Seven Decades of Accelerating Growth,2024,10.1016/j.amjmed.2024.03.025,0,,20
,Survivability Prediction of Colorectal Cancer Patients: A System with Evolving Features for Continuous Improvement,2018,10.3390/s18092983,0,,20
,Artificial intelligence and machine learning in neurodegenerative disease management: A 21st century paradigm,2026,10.1016/j.nbd.2026.107307,0,,11
,Artificial Intelligence and Machine Learning in Transfusion Practice: An Analytical Assessment,2025,10.1016/j.tmrv.2025.150926,0,,17
,Cross-validation of predictive models for functional recovery after post-stroke rehabilitation,2022,10.1186/s12984-022-01075-7,0,,10
,Leveraging AI technology in sarcoidosis,2024,10.1097/mcp.0000000000001085,0,,17
,Segmentation of Structural Components of Atherosclerotic Plaques on OCT Images Using Deep Machine Learning,2025,10.18087/cardio.2025.9.n2932,0,,5
,Gene driven analytical learning model for accurate breast cancer diagnosis,2026,10.1038/s41598-026-39430-6,0,,18
,Maximizing Sample Utilization in CKD Classification: Fusion and Alignment of Locally Trained Models with a Global Model,2025,10.1109/embc58623.2025.11253104,0,,1
,Machine learning for genetics-based classification and treatment response prediction in cancer of unknown primary,2023,10.1038/s41591-023-02482-6,0,,18
,A machine learning framework involving EEG-based functional connectivity to diagnose major depressive disorder (MDD),2018,10.1007/s11517-017-1685-z,0,,11
,Estimating muscle activation from EMG using deep learning-based dynamical systems models,2022,10.1088/1741-2552/ac6369,0,,10
,Supervised Machine Learning Models for Predicting Sepsis-Associated Liver Injury in Patients With Sepsis: Development and Validation Study Based on a Multicenter Cohort Study,2025,10.2196/66733,0,,19
,Determinants of Visual Impairment Among Chinese Middle-Aged and Older Adults: Risk Prediction Model Using Machine Learning Algorithms,2024,10.2196/59810,0,,10
,A Scalable Machine Learning Approach for Inferring Probabilistic US-LI-RADS Categorization,2018,,0,,1
,Machine Learning-Based Prediction Models for Different Clinical Risks in Different Hospitals: Evaluation of Live Performance,2022,10.2196/34295,0,,19
,Protein NMR assignment by isotope pattern recognition,2024,10.1126/sciadv.ado0403,0,,22
,Continual learning with invertible generative models,2023,10.1016/j.neunet.2023.05.020,0,,1
,MicroRNA-Target Identification: A Combinatorial In Silico Approach,2023,10.1007/978-1-0716-2982-6_14,0,,22
,BIA: Behavior Identification Algorithm Using Unsupervised Learning Based on Sensor Data for Home Elderly,2020,10.1109/jbhi.2019.2943391,0,,10
,"Statistical machine learning models for prediction of China's maritime emergency patients in dynamic: ARIMA model, SARIMA model, and dynamic Bayesian network model",2024,10.3389/fpubh.2024.1401161,0,,19
,Nutrient-response modeling with a single and interpretable artificial neuron,2025,10.1038/s41598-025-29267-w,0,,10
,Prognostication and Risk Factors for Cystic Fibrosis via Automated Machine Learning,2018,10.1038/s41598-018-29523-2,0,,19
,Removal of N-Nitrosodiphenylamine from contaminated water: A novel modeling framework using metaheuristic-based ensemble models,2024,10.1016/j.jenvman.2024.121503,0,,9
,Clustering of trauma patients based on longitudinal data and the application of machine learning to predict recovery,2022,10.1038/s41598-022-21390-2,0,,19
,Interactive machine learning for fast and robust cell profiling,2020,10.1371/journal.pone.0237972,0,,18
,Using human in vitro transcriptome analysis to build trustworthy machine learning models for prediction of animal drug toxicity,2020,10.1038/s41598-020-66481-0,0,,18
,Trial-by-trial surprise-decoding model for visual and auditory binary oddball tasks,2019,10.1016/j.neuroimage.2019.04.028,0,,3
,A Bayesian latent class extension of naive Bayesian classifier and its application to the classification of gastric cancer patients,2023,10.1186/s12874-023-02013-4,0,,15
,Machine learning reveals correlations between brain age and mechanics,2024,10.1016/j.actbio.2024.10.003,0,,11
,High-precision multi-target prediction and interpretability analysis of biomass gasification via ensemble machine learning,2026,10.1016/j.biortech.2025.133863,0,,9
,Analysis of drug crystallization by evaluation of pharmaceutical solubility in various solvents by optimization of artificial intelligence models,2025,10.1038/s41598-025-03198-y,0,,18
,Better with fewer features: climate dynamics estimation for Van Lake basin using feature selection,2025,10.1007/s11356-025-36057-4,0,,0
,Machine Learning for Motor Imagery Wrist Dorsiflexion Prediction in Brain-Computer Interface Assisted Stroke Rehabilitation,2022,10.1109/embc48229.2022.9871600,0,,10
,Prospects and Challenges of Using Machine Learning for Academic Forecasting,2022,10.1155/2022/5624475,0,,19
,Using Active Learning to Develop Machine Learning Models for Reaction Yield Prediction,2022,10.1002/minf.202200043,0,,9
,Engineering Gelation Kinetics in Living Silk Hydrogels by Differential Dynamic Microscopy Microrheology and Machine Learning,2022,10.1002/adbi.202101070,0,,9
,Comparing Machine Learning Models for Aromatase (P450 19A1),2020,10.1021/acs.est.0c05771,0,,18
,A Bayesian 3D volume reconstruction for confocal micro-rotation cell imaging,2007,10.1007/978-3-540-75759-7_83,0,,6
,Bayesian basecalling for DNA sequence analysis using hidden Markov models,2007,10.1109/tcbb.2007.1027,0,,21
,Chemical plume source localization,2006,10.1109/tsmcb.2006.874689,0,,0
,Automated soil resources mapping based on decision tree and Bayesian predictive modeling,2004,10.1631/jzus.2004.0782,0,,0
,Use of Artificial Intelligence in Electronic Health Records With Nursing Data Across Multiple Care Settings: A Scoping Review,2026,10.1097/cin.0000000000001400,0,,17
,Artificial intelligence-assisted full-mouth radiograph mounting in dental education,2024,10.1002/jdd.13524,0,,5
,Bayesian online multitask learning of Gaussian processes,2010,10.1109/tpami.2008.297,0,,1
,Variational learning for Gaussian mixture models,2006,10.1109/tsmcb.2006.872273,0,,1
,Antipsychotic drugs and heart muscle disorder in international pharmacovigilance: data mining study,2001,10.1136/bmj.322.7296.1207,0,,20
,The Bayesian evidence scheme for regularizing probability-density estimating neural networks,2000,10.1162/089976600300014890,0,,3
,A Bayesian framework for understanding texture segmentation in the primary visual cortex,1995,10.1016/0042-6989(95)00032-u,0,,7
,Fluctuation of predictions of a connectionist model can lead to qualitatively different results,2004,10.2466/pms.99.3.983-989,0,,15
,The effects of natural language processing on cross-institutional portability of influenza case detection for disease surveillance,2017,10.4338/aci-2016-12-ra-0211,0,,12
,Accuracies of various types of spinal robot in robot-assisted pedicle screw insertion: a Bayesian network meta-analysis,2023,10.1186/s13018-023-03714-8,0,,13
,Estimation of tumor stage and lymph node status in patients with colorectal adenocarcinoma using probabilistic neural networks and logistic regression,1999,,0,,20
,Prediction models for early risk detection of cardiovascular event,2012,10.1007/s10916-010-9497-9,0,,19
,Integrative modeling defines the Nova splicing-regulatory network and its combinatorial controls,2010,10.1126/science.1191150,0,,21
,Context-specific gene regulations in cancer gene expression data,2009,,0,,22
,Modeling relief,2007,,0,,17
,Cost analysis of technological vs. conventional upper limb rehabilitation for patients with neurological disorders: an Italian real-world data case study,2024,10.3389/fpubh.2024.1445099,0,,10
,Automated identification and predictive tools to help identify high-risk heart failure patients: pilot evaluation,2016,10.1093/jamia/ocv197,0,,19
,Predicting the toxicity of complex mixtures using artificial neural networks,1997,10.1016/s0045-6535(97)00178-1,0,,18
,Alzheimer's disease diagnosis support for brain perfusion SPECT scans in a real-world clinical cohort,2026,10.1177/13872877251413790,0,,13
,Educating the Healthcare Workforce to Support Digital Transformation,2022,10.3233/shti220217,0,,16
,Identification of findings suspicious for breast cancer based on natural language processing of mammogram reports,1997,,0,,12
,Artificial Intelligence-Assisted Nanosensors for Clinical Diagnostics: Current Advances and Future Prospects,2025,10.3390/bios15100656,0,,17
,Nursing Informatics Research Trends: Findings from an International Survey,2021,10.3233/shti210741,0,,16
,Likelihood approximation networks (LANs) for fast inference of simulation models in cognitive neuroscience,2021,10.7554/elife.65074,0,,3
,Research on Visual Evaluation of Engineering Skills in Health Applications Based on Artificial Intelligence Assisted 3D Modeling,2026,10.3791/69747,0,,17
,Enhancing robustness in video recognition models: Sparse adversarial attacks and beyond,2024,10.1016/j.neunet.2023.11.056,0,,1
,H-CNN combined with tissue Raman spectroscopy for cervical cancer detection,2023,10.1016/j.saa.2023.122339,0,,5
,Computer-Aided Diagnosis Scheme for Distinguishing Between Benign and Malignant Masses on Breast DCE-MRI Images Using Deep Convolutional Neural Network with Bayesian Optimization,2021,10.1007/s10278-020-00394-2,0,,5
,An algorithm for approximating conditional probabilities,1990,10.1016/0020-7101(90)90017-o,0,,8
,A universal exchange language for healthcare,2013,,0,,16
,Automatically parcellating the human cerebral cortex,2004,10.1093/cercor/bhg087,0,,3
,3DReasonKnee: Advancing Grounded Reasoning in Medical Vision Language Models,2026,10.1142/9789819824755_0008,0,,17
,"Integrating an Ontology of Radiology Differential Diagnosis with ICD-10-CM, RadLex, and SNOMED CT",2019,10.1007/s10278-019-00186-3,0,,14
,Comparing Robot Controller Optimization Methods on Evolvable Morphologies,2024,10.1162/evco_a_00334,0,,3
,Tumor detection using Bayesian conjugate prior in diffuse optical tomography,2006,10.1109/iembs.2006.259816,0,,6
,Unsupervised learning of gaussian mixtures based on variational component splitting,2007,10.1109/tnn.2006.891114,0,,1
,Clustering ensembles of neural network models,2003,10.1016/s0893-6080(02)00187-9,0,,1
,Effect of reporting bias in the analysis of spontaneous reporting data,2015,10.1002/pst.1657,0,,14
,On preserving original variables in Bayesian PCA with application to image analysis,2012,10.1109/tip.2012.2211372,0,,6
,Efficient multilevel brain tumor segmentation with integrated bayesian model classification,2008,10.1109/tmi.2007.912817,0,,7
,Measuring syntactic complexity in spontaneous spoken Swedish,2007,10.1177/00238309070500020301,0,,12
,Structure-from-motion without correspondence from tomographic projections by Bayesian inversion theory,2007,10.1109/tmi.2006.889740,0,,6
,Approximate Bayesian multibody tracking,2006,10.1109/tpami.2006.177,0,,6
,Attenuated total reflectance Fourier transform infrared (ATR-FTIR) spectral prediction of postmortem interval from vitreous humor samples,2018,10.1007/s00216-018-1367-1,0,,4
,Automatic cerebrovascular segmentation by accurate probabilistic modeling of TOF-MRA images,2005,10.1007/11566465_5,0,,7
,A model comparison algorithm for increased forecast accuracy of dengue fever incidence in Singapore and the auxiliary role of total precipitation information,2018,10.1080/09603123.2018.1496234,0,,19
,"Imaging the acute respiratory distress syndrome: past, present and future",2022,10.1007/s00134-022-06809-8,0,,19
,Ant colony optimization algorithm for interpretable Bayesian classifiers combination: application to medical predictions,2014,10.1371/journal.pone.0086456,0,,15
,Hybrid fuzzy deep neural network toward temporal-spatial-frequency features learning of motor imagery signals,2022,10.1038/s41598-022-26882-9,0,,10
,Machine Learned Texture Prior From Full-Dose CT Database via Multi-Modality Feature Selection for Bayesian Reconstruction of Low-Dose CT,2023,10.1109/tmi.2021.3139533,0,,6
,An effective PO-RSNN and FZCIS based diabetes prediction and stroke analysis in the metaverse environment,2025,10.1038/s41598-025-96541-2,0,,20
,Neuroimaging feature extraction using a neural network classifier for imaging genetics,2023,10.1186/s12859-023-05394-x,0,,13
,Bayesian Neural Networks in Predictive Neurosurgery,2024,10.1007/978-3-031-64892-2_9,0,,13
,PySeqLab: an open source Python package for sequence labeling and segmentation,2017,10.1093/bioinformatics/btx451,0,,21
,Optimizing multimodal models for medical visual question answering: A comparative study of LoRA and AdaLoRA on VQA-RAD and SLAKE-VQA,2026,10.1016/j.compbiomed.2025.111397,0,,17
,Clinical neonatal brain MRI segmentation using adaptive nonparametric data models and intensity-based Markov priors,2007,10.1007/978-3-540-75757-3_107,0,,7
,Generalised reliability characteristics for probabilistic networks,2005,10.1016/j.artmed.2004.07.011,0,,8
,Intelligent Condition Diagnosis Method Based on Adaptive Statistic Test Filter and Diagnostic Bayesian Network,2016,10.3390/s16010076,0,,15
,Representing inter-residue dependencies in protein sequences with probabilistic networks,1995,10.1093/bioinformatics/11.4.413,0,,21
,Machine learning for predicting the response of breast cancer to neoadjuvant chemotherapy,2013,10.1136/amiajnl-2012-001332,0,,18
,Stability analysis for discrete-time stochastic memristive neural networks with both leakage and probabilistic delays,2018,10.1016/j.neunet.2018.02.003,0,,3
,Quantum reinforcement learning,2008,10.1109/tsmcb.2008.925743,0,,1
,Oncotherapy: A Decision Support System to Validate Oncological Treatments,2019,10.3233/shti190654,0,,14
,Development of an Guideline-Based Decision Support System for Effective Diagnostic Workflow for Oncologic Pathologists,2019,10.3233/shti190622,0,,14
,A C++ framework for developing Medical Logic Modules and an Arden Syntax compiler,1994,10.1016/0010-4825(94)90003-5,0,,17
,In situ functional cell phenotyping reveals microdomain networks in colorectal cancer recurrence,2021,10.1016/j.crmeth.2021.100072,0,,22
,A robust DWT-CNN-based CAD system for early diagnosis of autism using task-based fMRI,2021,10.1002/mp.14692,0,,13
,Machine learning helps identify CHRONO as a circadian clock component,2014,10.1371/journal.pbio.1001840,0,,11
,Learning classification models with soft-label information,2014,10.1136/amiajnl-2013-001964,0,,1
,Evaluation of the Fast Healthcare Interoperability Resources (FHIR) Standard for Representation of Knowledge Bases Encoded in the Arden Syntax,2019,10.3233/shti190600,0,,17
,NetiNeti: discovery of scientific names from text using machine learning methods,2012,10.1186/1471-2105-13-211,0,,21
,Spatial Resolved Surface Ozone with Urban and Rural Differentiation during 1990-2019: A Space-Time Bayesian Neural Network Downscaler,2022,10.1021/acs.est.1c04797,0,,0
,Matching between the concepts of knowledge representation for a hypertension guideline and SNOMED CT,2008,,0,,17
,Towards objective and systematic evaluation of bias in artificial intelligence for medical imaging,2024,10.1093/jamia/ocae165,0,,17
,Knowledge-Aided Convolutional Neural Network for Small Organ Segmentation,2019,10.1109/jbhi.2019.2891526,0,,2
,[A medical image semantic modeling based on hierarchical Bayesian networks],2009,,0,,7
,A primer on learning in Bayesian networks for computational biology,2007,10.1371/journal.pcbi.0030129,0,,21
,Honest assessments of automatic learning algorithm performance,2000,,0,,15
,Predictive modeling for classification of positive valence system symptom severity from initial psychiatric evaluation records,2017,10.1016/j.jbi.2017.05.019,0,,11
,Accurate prediction of coronary artery disease using reliable diagnosis system,2012,10.1007/s10916-012-9828-0,0,,19
,A multi-step approach to time series analysis and gene expression clustering,2006,10.1093/bioinformatics/btk026,0,,21
,An improved machine learning protocol for the identification of correct Sequest search results,2010,10.1186/1471-2105-11-591,0,,15
,Knowledge discovery via machine learning for neurodegenerative disease researchers,2009,10.1007/978-1-59745-524-4_9,0,,11
,Interspecies translation of disease networks increases robustness and predictive accuracy,2011,10.1371/journal.pcbi.1002258,0,,21
,Machine learning algorithms and forced oscillation measurements to categorise the airway obstruction severity in chronic obstructive pulmonary disease,2015,10.1016/j.cmpb.2014.11.002,0,,19
,Integrating machine learning techniques into robust data enrichment approach and its application to gene expression data,2013,10.1504/ijdmb.2013.056090,0,,22
,An improved method of early diagnosis of smoking-induced respiratory changes using machine learning algorithms,2013,10.1016/j.cmpb.2013.08.004,0,,19
,A new discriminative kernel from probabilistic models,2002,10.1162/08997660260293274,0,,1
,Ontology Driven Construction of a Knowledgebase for Bayesian Decision Models Based on UMLS,2005,,0,,15
,[Failure Diagnosis Analysis of Medical Equipment Based on Fault Tree and Fuzzy Bayesian Network],2025,10.12455/j.issn.1671-7104.250170,0,,15
,"Study protocol for a prospective, double-blinded, observational study investigating the diagnostic accuracy of an app-based diagnostic health care application in an emergency room setting: the eRadaR trial",2021,10.1136/bmjopen-2020-041396,0,,20
,Recognizing states of psychological vulnerability to suicidal behavior: a Bayesian network of artificial intelligence applied to a clinical sample,2020,10.1186/s12888-020-02535-x,0,,15
,Bayesian networks in biomedicine and health-care,2004,10.1016/j.artmed.2003.11.001,0,,15
,Stochastic complexities of general mixture models in variational Bayesian learning,2007,10.1016/j.neunet.2006.05.030,0,,1
,Sparse inference and active learning of stochastic differential equations from data,2022,10.1038/s41598-022-25638-9,0,,1
,Adaptive and Resilient Soft Tensegrity Robots,2018,10.1089/soro.2017.0066,0,,13
,Neural stochastic differential equations network as uncertainty quantification method for EEG source localization,2023,10.1088/2057-1976/aca20b,0,,3
,Neural network approach to background modeling for video object segmentation,2007,10.1109/tnn.2007.896861,0,,3
,Recursive noisy OR--a rule for estimating complex probabilistic interactions,2004,10.1109/tsmcb.2004.834424,0,,8
,Structured statistical models of inductive reasoning,2009,10.1037/a0014282,0,,15
,Intraobserver Variability in Bladder Cancer Treatment Response Assessment With and Without Computerized Decision Support,2020,10.18383/j.tom.2020.00013,0,,14
,3D Interactive Segmentation With Semi-Implicit Representation and Active Learning,2021,10.1109/tip.2021.3125491,0,,7
,The evaluation of clinical decision support systems: what is necessary versus what is interesting,1990,10.3109/14639239009025266,0,,14
,Error-correction learning for artificial neural networks using the Bayesian paradigm. Application to automated medical diagnosis,2014,10.1016/j.jbi.2014.07.013,0,,15
,Bayesian maximal paths for coronary artery segmentation from 3D CT angiograms,2009,10.1007/978-3-642-04268-3_28,0,,6
,Neural representation of probabilistic information,2003,10.1162/08997660360675062,0,,3
,Integrating artificial intelligence into nurse practitioner education: Strategies for teaching the next generation of nurse practitioners,2025,10.1097/jxx.0000000000001170,0,,17
,A non-parametric Bayesian model for joint cell clustering and cluster matching: identification of anomalous sample phenotypes with random effects,2014,10.1186/1471-2105-15-314,0,,21
,A novel neural network for improved in-hospital mortality prediction with irregular and incomplete multivariate data,2023,10.1016/j.neunet.2023.07.033,0,,19
,Validation of an artificial intelligence-based algorithm for predictive performance and risk stratification of sepsis using real-world data from hospitalised patients: a prospective observational study,2025,10.1136/bmjhci-2024-101353,0,,19
,Learning yeast gene functions from heterogeneous sources of data using hybrid weighted Bayesian networks,2005,10.1109/csb.2005.38,0,,21
,A spatio-temporal Bayesian network classifier for understanding visual field deterioration,2005,10.1016/j.artmed.2004.07.004,0,,7
,Comparison of clinical hysterectomy indications with ai-based recommendations: a prospective study,2025,10.1038/s41598-025-19216-y,0,,17
,A diagnostic reasoning and optimal treatment model for bacterial infections with fuzzy information,2005,10.1016/j.cmpb.2004.08.003,0,,19
,A new integrated collision risk assessment methodology for autonomous vehicles,2019,10.1016/j.aap.2019.01.029,0,,11
,Joint learning of gene functions--a Bayesian network model approach,2006,10.1142/s0219720006001928,0,,21
,An Artificial Neural Network-based Predictive Model to Support Optimization of Inpatient Glycemic Control,2020,10.1089/dia.2019.0252,0,,10
,Exploring uncertainty measures in convolutional neural network for semantic segmentation of oral cancer images,2022,10.1117/1.jbo.27.11.115001,0,,2
,Blind image deconvolution using machine learning for three-dimensional microscopy,2010,10.1109/tpami.2010.45,0,,13
,Evaluation of machine-learning methods for ligand-based virtual screening,2007,10.1007/s10822-006-9096-5,0,,18
,Continuous time recurrent neural networks: Overview and benchmarking at forecasting blood glucose in the intensive care unit,2023,10.1016/j.jbi.2023.104498,0,,10
,Improving brain tumor diagnosis: A self-calibrated 1D residual network with random forest integration,2025,10.1016/j.brainres.2025.149704,0,,2
,A Bayesian model of shape and appearance for subcortical brain segmentation,2011,10.1016/j.neuroimage.2011.02.046,0,,7
,Parametric Bayesian priors and better choice of negative examples improve protein function prediction,2013,10.1093/bioinformatics/btt110,0,,21
,Bayesian neural networks for internet traffic classification,2007,10.1109/tnn.2006.883010,0,,8
,Medical diagnostic reasoning: epistemological modeling as a strategy for design of computer-based consultation programs,1993,10.1007/bf00993987,0,,17
,Can artificial intelligence optimize treatment planning and outcome prediction in fixed tooth- and implant-supported prosthodontics? A scoping review,2025,10.1186/s12903-025-07300-8,0,,17
,Diagnosis of Myotonic Dystrophy Based on Resting State fMRI Using Convolutional Neural Networks,2020,10.1109/embc44109.2020.9176455,0,,13
,Accuracies of genomic predictions for disease resistance of striped catfish to Edwardsiella ictaluri using artificial intelligence algorithms,2022,10.1093/g3journal/jkab361,0,,22
,Predicting protein secondary structure using neural net and statistical methods,1992,10.1016/0022-2836(92)90927-c,0,,22
,"Symbolic, neural, and Bayesian machine learning models for predicting carcinogenicity of chemical compounds",2000,10.1021/ci990116i,0,,18
,Machine learning approach for automated screening of malaria parasite using light microscopic images,2013,10.1016/j.micron.2012.11.002,0,,18
,Combination of a naive Bayes classifier with consensus scoring improves enrichment of high-throughput docking results,2004,10.1021/jm049970d,0,,18
,[[Clinical reasoning and artificial intelligence],2023,10.31053/1853.0605.v80.n4.42544,0,,17
,Computer expert system for the histopathologic diagnosis of salivary gland neoplasms,1996,10.1016/s1079-2104(96)80222-8,0,,20
,Clinical decision support system for detecting right ventricular dysfunction in acute pulmonary embolism: Explainable a new Binary Rule Search (BRS) ensembles and robustness evaluation,2026,10.1016/j.artmed.2025.103337,0,,19
,Exploring hedge identification in biomedical literature,2008,10.1016/j.jbi.2008.01.001,0,,21
,Associative clustering for exploring dependencies between functional genomics data sets,2005,10.1109/tcbb.2005.32,0,,21
,Bayesian probabilistic approach for predicting backbone structures in terms of protein blocks,2000,10.1002/1097-0134(20001115)41:3<271::aid-prot10>3.0.co;2-z,0,,21
,Intensity-based protein identification by machine learning from a library of tandem mass spectra,2004,10.1038/nbt930,0,,22
,Online learning of single- and multivalued functions with an infinite mixture of linear experts,2013,10.1162/neco_a_00510,0,,1
,Bayesian approach to transforming public gene expression repositories into disease diagnosis databases,2010,10.1073/pnas.0912043107,0,,21
,Efficient learning and feature selection in high-dimensional regression,2010,10.1162/neco.2009.02-08-702,0,,1
,Learning rates and states from biophysical time series: a Bayesian approach to model selection and single-molecule FRET data,2009,10.1016/j.bpj.2009.09.031,0,,21
,Bayesian approach to feature selection and parameter tuning for support vector machine classifiers,2005,10.1016/j.neunet.2005.06.044,0,,1
,Incipient interturn fault diagnosis in induction machines using an analytic wavelet-based optimized Bayesian inference,2014,10.1109/tnnls.2013.2285552,0,,15
,"Machine learning, antimicrobial stewardship, and solid organ transplantation: Is this the future?",2022,10.1111/tid.13957,0,,19
,Current perspectives on the use of artificial intelligence in critical patient safety,2025,10.1016/j.medine.2024.04.002,0,,17
,Machine learning method for knowledge discovery experimented with otoneurological data,2008,10.1016/j.cmpb.2008.03.003,0,,11
,Development and Validation of a Natural Language Processing Model to Identify Low-Risk Pulmonary Embolism in Real Time to Facilitate Safe Outpatient Management,2024,10.1016/j.annemergmed.2024.01.036,0,,12
,Medication administration errors in nursing homes using an automated medication dispensing system,2009,10.1197/jamia.m2959,0,,16
,Clinical data classification using an enhanced SMOTE and chaotic evolutionary feature selection,2020,10.1016/j.compbiomed.2020.103991,0,,20
,"[""Handle with care"": about the potential unintended consequences of oracular artificial intelligence systems in medicine.]",2017,10.1701/2802.28353,0,,17
,A Bayesian model for triage decision support,2006,10.1016/j.ijmedinf.2005.07.028,0,,15
,"Study protocol for an open-label, single-arm, mixed methods feasibility study of the MWIQ AI-powered decision support tool for diabetes management in GP practices",2025,10.1136/bmjopen-2024-097644,0,,20
,Workshop on using natural language processing applications for enhancing clinical decision making: an executive summary,2014,10.1136/amiajnl-2013-001896,0,,12
,"University of California, Irvine-Pathology Extraction Pipeline: the pathology extraction pipeline for information extraction from pathology reports",2014,10.1177/1460458213494032,0,,12
,Bayesian Machine Learning Techniques for revealing complex interactions among genetic and clinical factors in association with extra-intestinal Manifestations in IBD patients,2017,,0,,19
,Artificial Intelligence in Cardiopulmonary Resuscitation: Revolutionizing Resuscitation Through Precision and Prediction - A Narrative Review,2025,10.2147/vhrm.s551731,0,,17
,Non - invasive modelling methodology for the diagnosis of coronary artery disease using fuzzy cognitive maps,2020,10.1080/10255842.2020.1768534,0,,17
,Enabling artificial intelligence in high acuity medical environments,2019,10.1080/13645706.2019.1599957,0,,17
,Personalized Breast Cancer Treatments Using Artificial Intelligence in Radiomics and Pathomics,2019,10.1016/j.jmir.2019.07.010,0,,18
,Blood pressure measurement for accurate assessment of patient status in emergency medical settings,2012,10.3357/asem.3204.2012,0,,19
,Automatic identification of comparative effectiveness research from medline citations to support clinicians' treatment information needs,2013,,0,,14
,Building a hospital referral expert system with a Prediction and Optimization-Based Decision Support System algorithm,2008,10.1016/j.jbi.2007.10.002,0,,14
,Probabilistic Seismic Response Prediction of Three-Dimensional Structures Based on Bayesian Convolutional Neural Network,2022,10.3390/s22103775,0,,8
,Performance Assessment of ChatGPT-4.0 and ChatGLM Series in Traditional Chinese Medicine for Metabolic Associated Fatty Liver Disease: Comparative Study,2025,10.2196/66503,0,,19
,Novel Architecture for supporting medical decision making of different data types based on Fuzzy Cognitive Map Framework,2007,10.1109/iembs.2007.4352510,0,,14
,Amortized template matching of molecular conformations from cryoelectron microscopy images using simulation-based inference,2025,10.1073/pnas.2420158122,0,,22
,"Three ways of knowing: the integration of clinical expertise, evidence-based medicine, and artificial intelligence in assisted reproductive technologies",2021,10.1007/s10815-021-02159-4,0,,17
,Development of clinical decision support for patients older than 65 years with fall-related TBI using artificial intelligence modeling,2025,10.1371/journal.pone.0316462,0,,17
,A Probabilistic Digital Twin for Leak Localization in Water Distribution Networks Using Generative Deep Learning,2023,10.3390/s23136179,0,,8
,Artificial intelligence-based decision support systems and their role in vascular surgery and clinical practice,2025,10.23736/s0021-9509.25.13491-5,0,,17
,Impact of Data Presentation on Physician Performance Utilizing Artificial Intelligence-Based Computer-Aided Diagnosis and Decision Support Systems,2019,10.1007/s10278-018-0132-5,0,,17
,A system for the extraction and representation of summary of product characteristics content,2013,10.1016/j.artmed.2012.08.004,0,,0
,"A hybrid approach to medical decision support systems: combining feature selection, fuzzy weighted pre-processing and AIRS",2007,10.1016/j.cmpb.2007.07.013,0,,14
,"Intelligent, Autonomous Machines in Surgery",2020,10.1016/j.jss.2020.03.046,0,,17
,Artificial neural networks in neurorehabilitation: A scoping review,2020,10.3233/nre-192996,0,,10
,Latent tree models and diagnosis in traditional Chinese medicine,2008,10.1016/j.artmed.2007.10.004,0,,15
,Classifying vertical facial deformity using supervised and unsupervised learning,2001,,0,,5
,Improved classification of colorectal polyps on histopathological images with ensemble learning and stain normalization,2023,10.1016/j.cmpb.2023.107441,0,,20
,Med-KGMA: A novel AI-driven medical support system leveraging knowledge graphs and medical advisors,2025,10.1016/j.compbiomed.2025.110929,0,,17
,Data-driven decision making in patient management: a systematic review,2025,10.1186/s12911-025-03072-x,0,,14
,Multiparameter Intelligent Monitoring in Intensive Care II: a public-access intensive care unit database,2011,10.1097/ccm.0b013e31820a92c6,0,,19
,Coreference analysis in clinical notes: a multi-pass sieve with alternate anaphora resolution modules,2012,10.1136/amiajnl-2011-000766,0,,12
,Applying active learning to assertion classification of concepts in clinical text,2012,10.1016/j.jbi.2011.11.003,0,,12
,Symbolic rule-based classification of lung cancer stages from free-text pathology reports,2010,10.1136/jamia.2010.003707,0,,12
,Adapted variable precision rough set approach for EEG analysis,2009,10.1016/j.artmed.2009.07.004,0,,3
,A Bayesian deep learning method for freeway incident detection with uncertainty quantification,2022,10.1016/j.aap.2022.106796,0,,3
,Development of machine learning models to predict posterior capsule rupture based on the EUREQUO registry,2023,10.1111/aos.15648,0,,19
,Digital Health Policy and Programs for Hospital Care in Vietnam: Scoping Review,2022,10.2196/32392,0,,16
,Machine-learning techniques for the prediction of protein-protein interactions,2019,,0,,18
,Individualized patient-centered lifestyle recommendations: an expert system for communicating patient specific cardiovascular risk information and prioritizing lifestyle options,2012,10.1016/j.jbi.2012.07.011,0,,20
,Subjective machines: Probabilistic risk assessment based on deep learning of soft information,2023,10.1111/risa.13930,0,,13
,Predicting dire outcomes of patients with community acquired pneumonia,2005,10.1016/j.jbi.2005.02.005,0,,19
,Feasibility of anatomical feature points for the estimation of prostate locations in the Bayesian delineation frameworks for prostate cancer radiotherapy,2018,10.1007/s12194-018-0481-2,0,,6
