pmid,title,year,doi,cited_by_count,abstract,cluster,cluster_label
,A traumatic brain injury prognostic model to support in-hospital triage in a low-income country: a machine learning-based approach,2019,10.3171/2019.2.jns182098,0,,19,"learning, machine, prediction, model, clinical"
,Framework for the Development of Data-Driven Mamdani-Type Fuzzy Clinical Decision Support Systems,2019,10.3390/diagnostics9020052,0,,16,"clinical, support, decision, knowledge, systems"
,"Intensive Care Unit Telemedicine in the Era of Big Data, Artificial Intelligence, and Computer Clinical Decision Support Systems",2019,10.1016/j.ccc.2019.02.005,0,,4,"big, data, care, cancer, digital"
,A mobile health monitoring-and-treatment system based on integration of the SSN sensor ontology and the HL7 FHIR standard,2019,10.1186/s12911-019-0806-z,0,,2,"integration, disease, ontology, based, ontological"
,A highly predictive signature of cognition and brain atrophy for progression to Alzheimer's dementia,2019,10.1093/gigascience/giz055,0,,0,"disease, parkinson, based, learning, diagnosis"
,Automatic classification of major depression disorder using arterial spin labeling MRI perfusion measurements,2019,10.1111/pcn.12862,0,,17,"learning, using, deep, data, health"
,Reproducibility of biomarker identifications from mass spectrometry proteomic data in cancer studies,2019,10.1515/sagmb-2018-0039,0,,14,"cancer, analysis, cell, genes, expression"
,Putting machine learning into motion: applications in cardiovascular imaging,2020,10.1016/j.crad.2019.04.008,0,,11,"learning, cardiovascular, deep, analysis, ct"
,The Utility of Applying Various Image Preprocessing Strategies to Reduce the Ambiguity in Deep Learning-based Clinical Image Diagnosis,2020,10.2463/mrms.mp.2019-0021,0,,10,"learning, deep, using, based, network"
,Artificial intelligence for the real-time classification of intrapapillary capillary loop patterns in the endoscopic diagnosis of early oesophageal squamous cell carcinoma: A proof-of-concept study,2019,10.1177/2050640618821800,0,,9,"ultrasound, based, using, lung, classification"
,Deep learning and radiomics in precision medicine,2019,10.1080/23808993.2019.1585805,0,,10,"learning, deep, using, based, network"
,Identification of aberrantly methylated differentially expressed genes in breast cancer by integrated bioinformatics analysis,2019,10.1002/jcb.28904,0,,14,"cancer, analysis, cell, genes, expression"
,Incorporating dosimetric features into the prediction of 3D VMAT dose distributions using deep convolutional neural network,2019,10.1088/1361-6560/ab2146,0,,7,"cancer, learning, prediction, prostate, using"
,Assisted Diagnosis of Parkinsonism Based on the Striatal Morphology,2019,10.1142/s0129065719500114,0,,0,"disease, parkinson, based, learning, diagnosis"
,Automated Detection and Classification of Telemedical Retinopathy of Prematurity Images,2020,10.1089/tmj.2019.0004,0,,3,"automated, neural, deep, learning, glaucoma"
,Identification of Putative Regulatory Alterations Leading to Changes in Gene Expression in Chronic Obstructive Pulmonary Disease,2019,10.14348/molcells.2019.2442,0,,14,"cancer, analysis, cell, genes, expression"
,Use of mind maps and iterative decision trees to develop a guideline-based clinical decision support system for routine surgical practice: case study in thyroid nodules,2019,10.1093/jamia/ocz001,0,,16,"clinical, support, decision, knowledge, systems"
,-Omics biomarker identification pipeline for translational medicine,2019,10.1186/s12967-019-1912-5,0,,15,"medicine, prediction, omics, disease, network"
,Identification of plasma microRNA expression changes in multiple system atrophy and Parkinson's disease,2019,10.1186/s13041-019-0471-2,0,,14,"cancer, analysis, cell, genes, expression"
,A deep learning-based decision support system for diagnosis of OSAS using PTT signals,2019,10.1016/j.mehy.2019.03.026,0,,7,"cancer, learning, prediction, prostate, using"
,GIDB: a knowledge database for the automated curation and multidimensional analysis of molecular signatures in gastrointestinal cancer,2019,10.1093/database/baz051,0,,14,"cancer, analysis, cell, genes, expression"
,Screening candidate microRNA-mRNA network for predicting the response to chemoresistance in osteosarcoma by bioinformatics analysis,2019,10.1002/jcb.28938,0,,14,"cancer, analysis, cell, genes, expression"
,Personalized Pancreatic Cancer Management: A Systematic Review of How Machine Learning Is Supporting Decision-making,2019,10.1097/mpa.0000000000001312,0,,18,"learning, machine, data, clinical, using"
,Epigenome-wide association data implicate fetal/maternal adaptations contributing to clinical outcomes in preeclampsia,2019,10.2217/epi-2019-0065,0,,7,"cancer, learning, prediction, prostate, using"
,Deep learning for liver tumor diagnosis part II: convolutional neural network interpretation using radiologic imaging features,2019,10.1007/s00330-019-06214-8,0,,10,"learning, deep, using, based, network"
,An Introduction to Machine Learning for Clinicians,2019,10.1097/acm.0000000000002792,0,,18,"learning, machine, data, clinical, using"
,Measuring Exposure to Incarceration Using the Electronic Health Record,2019,10.1097/mlr.0000000000001049,0,,12,"data, clinical, electronic, using, record"
,Automatic classification of focal liver lesions based on MRI and risk factors,2019,10.1371/journal.pone.0217053,0,,9,"ultrasound, based, using, lung, classification"
,Challenges in IBD Research: Precision Medicine,2019,10.1093/ibd/izz078,0,,15,"medicine, prediction, omics, disease, network"
,Automated segmentation of macular edema in OCT using deep neural networks,2019,10.1016/j.media.2019.05.002,0,,3,"automated, neural, deep, learning, glaucoma"
,NeoMutate: an ensemble machine learning framework for the prediction of somatic mutations in cancer,2019,10.1186/s12920-019-0508-5,0,,14,"cancer, analysis, cell, genes, expression"
,Towards more Accessible Precision Medicine: Building a more Transferable Machine Learning Model to Support Prognostic Decisions for Micro- and Macrovascular Complications of Type 2 Diabetes Mellitus,2019,10.1007/s10916-019-1321-6,0,,18,"learning, machine, data, clinical, using"
,The Classification of Renal Cancer in 3-Phase CT Images Using a Deep Learning Method,2019,10.1007/s10278-019-00230-2,0,,10,"learning, deep, using, based, network"
,"The Impact of Big Data Research on Practice, Policy, and Cancer Care",2019,10.1200/edbk_238057,0,,4,"big, data, care, cancer, digital"
,Skin cancer detection by deep learning and sound analysis algorithms: A prospective clinical study of an elementary dermoscope,2019,10.1016/j.ebiom.2019.04.055,0,,10,"learning, deep, using, based, network"
,"Investigation of Low-Dose CT Lung Cancer Screening Scan ""Over-Range"" Issue Using Machine Learning Methods",2019,10.1007/s10278-019-00233-z,0,,9,"ultrasound, based, using, lung, classification"
,Three-dimensional dose prediction for lung IMRT patients with deep neural networks: robust learning from heterogeneous beam configurations,2019,10.1002/mp.13597,0,,7,"cancer, learning, prediction, prostate, using"
,Machine learning analysis of MRI-derived texture features to predict placenta accreta spectrum in patients with placenta previa,2019,10.1016/j.mri.2019.05.017,0,,6,"learning, glioblastoma, machine, biomarkers, using"
,Voxel-Based Morphometry: Improving the Diagnosis of Alzheimer's Disease Based on an Extreme Learning Machine Method from the ADNI cohort,2019,10.1016/j.neuroscience.2019.05.014,0,,0,"disease, parkinson, based, learning, diagnosis"
,A Deep Learning Approach for Assessment of Regional Wall Motion Abnormality From Echocardiographic Images,2020,10.1016/j.jcmg.2019.02.024,0,,11,"learning, cardiovascular, deep, analysis, ct"
,"Derivation, Validation, and Potential Treatment Implications of Novel Clinical Phenotypes for Sepsis",2019,10.1001/jama.2019.5791,0,,19,"learning, machine, prediction, model, clinical"
,Ventricular geometry-regularized QRSd predicts cardiac resynchronization therapy response: machine learning from crosstalk between electrocardiography and echocardiography,2019,10.1007/s10554-019-01545-5,0,,11,"learning, cardiovascular, deep, analysis, ct"
,Regression based overall survival prediction of glioblastoma multiforme patients using a single discovery cohort of multi-institutional multi-channel MR images,2019,10.1007/s11517-019-01986-z,0,,6,"learning, glioblastoma, machine, biomarkers, using"
,Predicting daily outcomes in acetaminophen-induced acute liver failure patients with machine learning techniques,2019,10.1016/j.cmpb.2019.04.012,0,,19,"learning, machine, prediction, model, clinical"
,Robust spatial fuzzy GMM based MRI segmentation and carotid artery plaque detection in ultrasound images,2019,10.1016/j.cmpb.2019.04.026,0,,9,"ultrasound, based, using, lung, classification"
,Using Machine Learning Applied to Real-World Healthcare Data for Predictive Analytics: An Applied Example in Bariatric Surgery,2019,10.1016/j.jval.2019.01.011,0,,18,"learning, machine, data, clinical, using"
,"Real-World Evidence, Causal Inference, and Machine Learning",2019,10.1016/j.jval.2019.03.001,0,,18,"learning, machine, data, clinical, using"
,Polyp detection during colonoscopy using a regression-based convolutional neural network with a tracker,2018,10.1016/j.patcog.2018.05.026,0,,10,"learning, deep, using, based, network"
,Doc2Hpo: a web application for efficient and accurate HPO concept curation,2019,10.1093/nar/gkz386,0,,2,"integration, disease, ontology, based, ontological"
,Drug combination sensitivity scoring facilitates the discovery of synergistic and efficacious drug combinations in cancer,2019,10.1371/journal.pcbi.1006752,0,,14,"cancer, analysis, cell, genes, expression"
,Comprehensive bioinformatics analysis of acquired progesterone resistance in endometrial cancer cell line,2019,10.1186/s12967-019-1814-6,0,,14,"cancer, analysis, cell, genes, expression"
,Risk Assessment Tools and Data-Driven Approaches for Predicting and Preventing Suicidal Behavior,2019,10.3389/fpsyt.2019.00036,0,,17,"learning, using, deep, data, health"
,Ascertaining Depression Severity by Extracting Patient Health Questionnaire-9 (PHQ-9) Scores from Clinical Notes,2018,,0,,17,"learning, using, deep, data, health"
,Generalized Extraction and Classification of Span-Level Clinical Phrases,2018,,0,,13,"clinical, processing, medical, natural, language"
,A Scalable Machine Learning Approach for Inferring Probabilistic US-LI-RADS Categorization,2018,,0,,18,"learning, machine, data, clinical, using"
,Applying Machine Learning to Linked Administrative and Clinical Data to Enhance the Detection of Homelessness among Vulnerable Veterans,2018,,0,,12,"data, clinical, electronic, using, record"
,Finding medication doses in the liteature,2018,,0,,8,"drug, learning, 19, covid, trials"
,An Interpretable ICU Mortality Prediction Model Based on Logistic Regression and Recurrent Neural Networks with LSTM units,2018,,0,,19,"learning, machine, prediction, model, clinical"
,Clinical Document Classification Using Labeled and Unlabeled Data Across Hospitals,2018,,0,,13,"clinical, processing, medical, natural, language"
,Phenotyping through Semi-Supervised Tensor Factorization (PSST),2018,,0,,8,"drug, learning, 19, covid, trials"
,Standardizing Heterogeneous Annotation Corpora Using HL7 FHIR for Facilitating their Reuse and Integration in Clinical NLP,2018,,0,,13,"clinical, processing, medical, natural, language"
,Learning to Personalize from Practice: A Real World Evidence Approach of Care Plan Personalization based on Differential Patient Behavioral Responses in Care Management Records,2018,,0,,17,"learning, using, deep, data, health"
,Using Machine Learning to Predict the Information Seeking Behavior of Clinicians Using an Electronic Medical Record System,2018,,0,,17,"learning, using, deep, data, health"
,Methodological Advances in the Study of Hidden Variables: A Demonstration on Clinical Alcohol Use Disorder Data,2018,,0,,12,"data, clinical, electronic, using, record"
,Leveraging Knowledge Representation to Maintain Immunization Clinical Decision Support,2018,,0,,16,"clinical, support, decision, knowledge, systems"
,Validation of the Behavior of a Knowledge Base Implementing Clinical Guidelines for Point-of-Care Antiretroviral Toxicity Monitoring,2018,,0,,16,"clinical, support, decision, knowledge, systems"
,"Shared Decision-Making Ontology for a Healthcare Team Executing a Workflow, an Instantiation for Metastatic Spinal Cord Compression Management",2018,,0,,2,"integration, disease, ontology, based, ontological"
,Automated Population of an i2b2 Clinical Data Warehouse using FHIR,2018,,0,,12,"data, clinical, electronic, using, record"
,The Role of a Deep-Learning Method for Negation Detection in Patient Cohort Identification from Electroencephalography Reports,2018,,0,,17,"learning, using, deep, data, health"
,Mining Disease-Symptom Relation from Massive Biomedical Literature and Its Application in Severe Disease Diagnosis,2018,,0,,17,"learning, using, deep, data, health"
,DrKnow: A Diagnostic Learning Tool with Feedback from Automated Clinical Decision Support,2018,,0,,16,"clinical, support, decision, knowledge, systems"
,Balancing Performance and Interpretability: Selecting Features with Bootstrapped Ridge Regression,2018,,0,,14,"cancer, analysis, cell, genes, expression"
,Using Neural Multi-task Learning to Extract Substance Abuse Information from Clinical Notes,2018,,0,,13,"clinical, processing, medical, natural, language"
,Assessing Information Congruence of Documented Cardiovascular Disease between Electronic Dental and Medical Records,2018,,0,,12,"data, clinical, electronic, using, record"
,Identifying Cases of Metastatic Prostate Cancer Using Machine Learning on Electronic Health Records,2018,,0,,7,"cancer, learning, prediction, prostate, using"
,Incorporating Knowledge-Driven Insights into a Collaborative Filtering Model to Facilitate the Differential Diagnosis of Rare Diseases,2018,,0,,17,"learning, using, deep, data, health"
,A Frame-Based NLP System for Cancer-Related Information Extraction,2018,,0,,13,"clinical, processing, medical, natural, language"
,Clinical text annotation - what factors are associated with the cost of time?,2018,,0,,13,"clinical, processing, medical, natural, language"
,Deep learning for cardiovascular medicine: a practical primer,2019,10.1093/eurheartj/ehz056,0,,11,"learning, cardiovascular, deep, analysis, ct"
,Prognostic significance of deregulated microRNAs in uveal melanomas,2019,10.3892/mmr.2019.9949,0,,14,"cancer, analysis, cell, genes, expression"
,Identification of UGP2 as a progression marker that promotes cell growth and motility in human glioma,2019,10.1002/jcb.28515,0,,6,"learning, glioblastoma, machine, biomarkers, using"
,A Novel Metabolic Signature To Predict the Requirement of Dialysis or Renal Transplantation in Patients with Chronic Kidney Disease,2019,10.1021/acs.jproteome.8b00983,0,,15,"medicine, prediction, omics, disease, network"
,Incorporating dictionaries into deep neural networks for the Chinese clinical named entity recognition,2019,10.1016/j.jbi.2019.103133,0,,13,"clinical, processing, medical, natural, language"
,Medical image classification using synergic deep learning,2019,10.1016/j.media.2019.02.010,0,,10,"learning, deep, using, based, network"
,Stochastic frontier analysis as knowledge-based model to improve sparing of organs-at-risk for VMAT-treated prostate cancer,2019,10.1088/1361-6560/ab0b4d,0,,7,"cancer, learning, prediction, prostate, using"
,Natural language processing and machine learning algorithm to identify brain MRI reports with acute ischemic stroke,2019,10.1371/journal.pone.0212778,0,,13,"clinical, processing, medical, natural, language"
,Automated detection of nonmelanoma skin cancer using digital images: a systematic review,2019,10.1186/s12880-019-0307-7,0,,10,"learning, deep, using, based, network"
,Prospective validation of a deep learning electrocardiogram algorithm for the detection of left ventricular systolic dysfunction,2019,10.1111/jce.13889,0,,11,"learning, cardiovascular, deep, analysis, ct"
,Distributed learning from multiple EHR databases: Contextual embedding models for medical events,2019,10.1016/j.jbi.2019.103138,0,,12,"data, clinical, electronic, using, record"
,Decision Fusion-Based Fetal Ultrasound Image Plane Classification Using Convolutional Neural Networks,2019,10.1016/j.ultrasmedbio.2018.11.016,0,,9,"ultrasound, based, using, lung, classification"
,Differentiation of spinal metastases originated from lung and other cancers using radiomics and deep learning based on DCE-MRI,2019,10.1016/j.mri.2019.02.013,0,,10,"learning, deep, using, based, network"
,Automated Closed- and Open-Loop Validation of Knowledge-Based Planning Routines Across Multiple Disease Sites,2019,10.1016/j.prro.2019.02.010,0,,16,"clinical, support, decision, knowledge, systems"
,Detection of potential new biomarkers of atherosclerosis by probe electrospray ionization mass spectrometry,2018,10.1007/s11306-018-1334-z,0,,14,"cancer, analysis, cell, genes, expression"
,Determinants of In-Hospital Mortality After Percutaneous Coronary Intervention: A Machine Learning Approach,2019,10.1161/jaha.118.011160,0,,19,"learning, machine, prediction, model, clinical"
,RETOUCH: The Retinal OCT Fluid Detection and Segmentation Benchmark and Challenge,2019,10.1109/tmi.2019.2901398,0,,3,"automated, neural, deep, learning, glaucoma"
,Joint Prostate Cancer Detection and Gleason Score Prediction in mp-MRI via FocalNet,2019,10.1109/tmi.2019.2901928,0,,7,"cancer, learning, prediction, prostate, using"
,"Personalized Radiotherapy Design for Glioblastoma: Integrating Mathematical Tumor Models, Multimodal Scans, and Bayesian Inference",2019,10.1109/tmi.2019.2902044,0,,6,"learning, glioblastoma, machine, biomarkers, using"
,Classifying Biomedical Figures by Modality via Multi-Label Learning,2019,10.1109/jbhi.2019.2902303,0,,6,"learning, glioblastoma, machine, biomarkers, using"
,Tooth detection and numbering in panoramic radiographs using convolutional neural networks,2019,10.1259/dmfr.20180051,0,,10,"learning, deep, using, based, network"
,Deep Learning-Based Delineation of Head and Neck Organs at Risk: Geometric and Dosimetric Evaluation,2019,10.1016/j.ijrobp.2019.02.040,0,,10,"learning, deep, using, based, network"
,DMAK: A curated pan-cancer DNA methylation annotation knowledgebase,2017,10.1080/21655979.2016.1218582,0,,14,"cancer, analysis, cell, genes, expression"
,"WES/WGS Reporting of Mutations from Cardiovascular ""Actionable"" Genes in Clinical Practice: A Key Role for UMD Knowledgebases in the Era of Big Databases",2016,10.1002/humu.23119,0,,15,"medicine, prediction, omics, disease, network"
,"Identification and Characterization of 293T Cell-Derived Exosomes by Profiling the Protein, mRNA and MicroRNA Components",2016,10.1371/journal.pone.0163043,0,,14,"cancer, analysis, cell, genes, expression"
,Omics-Based Strategies in Precision Medicine: Toward a Paradigm Shift in Inborn Errors of Metabolism Investigations,2016,10.3390/ijms17091555,0,,15,"medicine, prediction, omics, disease, network"
,A Stepwise Integrated Approach to Personalized Risk Predictions in Stage III Colorectal Cancer,2017,10.1158/1078-0432.ccr-16-1084,0,,7,"cancer, learning, prediction, prostate, using"
,COL3A1 and SNAP91: novel glioblastoma markers with diagnostic and prognostic value,2016,10.18632/oncotarget.12038,0,,6,"learning, glioblastoma, machine, biomarkers, using"
,Evidence-based selection of training compounds for use in the mechanism-based integrated prediction of drug-induced liver injury in man,2016,10.1007/s00204-016-1845-1,0,,8,"drug, learning, 19, covid, trials"
,Accurate classification of brain gliomas by discriminate dictionary learning based on projective dictionary pair learning of proton magnetic resonance spectra,2017,10.1002/mrc.4532,0,,6,"learning, glioblastoma, machine, biomarkers, using"
,"Survival analysis for high-dimensional, heterogeneous medical data: Exploring feature extraction as an alternative to feature selection",2016,10.1016/j.artmed.2016.07.004,0,,7,"cancer, learning, prediction, prostate, using"
,Identifying spatial imaging biomarkers of glioblastoma multiforme for survival group prediction,2017,10.1002/jmri.25497,0,,6,"learning, glioblastoma, machine, biomarkers, using"
,"Predicting the Future - Big Data, Machine Learning, and Clinical Medicine",2016,10.1056/nejmp1606181,0,,18,"learning, machine, data, clinical, using"
,Using Machine Learning and Natural Language Processing Algorithms to Automate the Evaluation of Clinical Decision Support in Electronic Medical Record Systems,2016,10.13063/2327-9214.1222,0,,12,"data, clinical, electronic, using, record"
,A new computer vision-based approach to aid the diagnosis of Parkinson's disease,2016,10.1016/j.cmpb.2016.08.005,0,,0,"disease, parkinson, based, learning, diagnosis"
,Executable medical guidelines with Arden Syntax-Applications in dermatology and obstetrics,2018,10.1016/j.artmed.2016.08.003,0,,13,"clinical, processing, medical, natural, language"
,Detecting Visually Observable Disease Symptoms from Faces,2016,10.1186/s13637-016-0048-7,0,,8,"drug, learning, 19, covid, trials"
,Prediction of Sepsis in the Intensive Care Unit With Minimal Electronic Health Record Data: A Machine Learning Approach,2016,10.2196/medinform.5909,0,,19,"learning, machine, prediction, model, clinical"
,Big data need big theory too,2016,10.1098/rsta.2016.0153,0,,4,"big, data, care, cancer, digital"
,"Computer-aided diagnosis system for lung nodules based on computed tomography using shape analysis, a genetic algorithm, and SVM",2017,10.1007/s11517-016-1577-7,0,,9,"ultrasound, based, using, lung, classification"
,Improved Automated Detection of Diabetic Retinopathy on a Publicly Available Dataset Through Integration of Deep Learning,2016,10.1167/iovs.16-19964,0,,3,"automated, neural, deep, learning, glaucoma"
,Climbing fiber-Purkinje cell synaptic pathology in tremor and cerebellar degenerative diseases,2017,10.1007/s00401-016-1626-1,0,,0,"disease, parkinson, based, learning, diagnosis"
,TrhOnt: building an ontology to assist rehabilitation processes,2016,10.1186/s13326-016-0104-y,0,,2,"integration, disease, ontology, based, ontological"
,An evidence synthesis of the international knowledge base for new care models to inform and mobilise knowledge for multispecialty community providers (MCPs),2016,10.1186/s13643-016-0346-x,0,,16,"clinical, support, decision, knowledge, systems"
,Activity Recognition for Diabetic Patients Using a Smartphone,2016,10.1007/s10916-016-0598-y,0,,18,"learning, machine, data, clinical, using"
,Improving information retrieval in functional analysis,2016,10.1016/j.compbiomed.2016.09.017,0,,13,"clinical, processing, medical, natural, language"
,"Immunogenic HLA-DR-Presented Self-Peptides Identified Directly from Clinical Samples of Synovial Tissue, Synovial Fluid, or Peripheral Blood in Patients with Rheumatoid Arthritis or Lyme Arthritis",2017,10.1021/acs.jproteome.6b00386,0,,14,"cancer, analysis, cell, genes, expression"
,Tumor reference resolution and characteristic extraction in radiology reports for liver cancer stage prediction,2016,10.1016/j.jbi.2016.10.005,0,,9,"ultrasound, based, using, lung, classification"
,Integrated transcriptome analysis of human iPS cells derived from a fragile X syndrome patient during neuronal differentiation,2016,10.1007/s11427-016-0194-6,0,,14,"cancer, analysis, cell, genes, expression"
,Data mining experiments on the Angiotensin II-Antagonist in Paroxysmal Atrial Fibrillation (ANTIPAF-AFNET 2) trial: 'exposing the invisible',2017,10.1093/europace/euw084,0,,11,"learning, cardiovascular, deep, analysis, ct"
,Dione: An OWL representation of ICD-10-CM for classifying patients' diseases,2016,10.1186/s13326-016-0105-x,0,,17,"learning, using, deep, data, health"
,Text mining electronic hospital records to automatically classify admissions against disease: Measuring the impact of linking data sources,2016,10.1016/j.jbi.2016.10.008,0,,12,"data, clinical, electronic, using, record"
,Comparative proteomic profiling identifies potential prognostic factors for human clear cell renal cell carcinoma,2016,10.3892/or.2016.5159,0,,14,"cancer, analysis, cell, genes, expression"
,"PopHR: a knowledge-based platform to support integration, analysis, and visualization of population health data",2017,10.1111/nyas.13271,0,,2,"integration, disease, ontology, based, ontological"
,Introducing the Big Knowledge to Use (BK2U) challenge,2017,10.1111/nyas.13225,0,,16,"clinical, support, decision, knowledge, systems"
,3D shape analysis to reduce false positives for lung nodule detection systems,2017,10.1007/s11517-016-1582-x,0,,9,"ultrasound, based, using, lung, classification"
,First-in-human robotic percutaneous coronary intervention for unprotected left main stenosis,2016,10.1002/ccd.26550,0,,11,"learning, cardiovascular, deep, analysis, ct"
,Computer-Extracted Texture Features to Distinguish Cerebral Radionecrosis from Recurrent Brain Tumors on Multiparametric MRI: A Feasibility Study,2016,10.3174/ajnr.a4931,0,,6,"learning, glioblastoma, machine, biomarkers, using"
,An Innovative Model to Predict Pediatric Emergency Department Return Visits,2019,10.1097/pec.0000000000000910,0,,19,"learning, machine, prediction, model, clinical"
,Omics approaches to individual variation: modeling networks and the virtual patient,2016,10.31887/dcns.2016.18.3/hlehrach,0,,18,"learning, machine, data, clinical, using"
,Differentiation of Glioblastoma and Lymphoma Using Feature Extraction and Support Vector Machine,2017,10.2174/1871527315666161018122909,0,,6,"learning, glioblastoma, machine, biomarkers, using"
,Parkinson's disease classification using gait analysis via deterministic learning,2016,10.1016/j.neulet.2016.09.043,0,,0,"disease, parkinson, based, learning, diagnosis"
,"Integrated machine learning, molecular docking and 3D-QSAR based approach for identification of potential inhibitors of trypanosomal N-myristoyltransferase",2016,10.1039/c6mb00574h,0,,14,"cancer, analysis, cell, genes, expression"
,Current limitations and future opportunities for prediction of DILI from in vitro,2017,10.1007/s00204-016-1874-9,0,,14,"cancer, analysis, cell, genes, expression"
,Clinical chemistry in higher dimensions: Machine-learning and enhanced prediction from routine clinical chemistry data,2016,10.1016/j.clinbiochem.2016.07.013,0,,18,"learning, machine, data, clinical, using"
,Computer-Aided Endoscopic Diagnosis Without Human-Specific Labeling,2016,10.1109/tbme.2016.2530141,0,,9,"ultrasound, based, using, lung, classification"
,A computational framework for converting textual clinical diagnostic criteria into the quality data model,2016,10.1016/j.jbi.2016.07.016,0,,12,"data, clinical, electronic, using, record"
,"Use of ""off-the-shelf"" information extraction algorithms in clinical informatics: A feasibility study of MetaMap annotation of Italian medical notes",2016,10.1016/j.jbi.2016.07.017,0,,13,"clinical, processing, medical, natural, language"
,A Part-Of-Speech term weighting scheme for biomedical information retrieval,2016,10.1016/j.jbi.2016.08.026,0,,13,"clinical, processing, medical, natural, language"
,Automated learning of domain taxonomies from text using background knowledge,2016,10.1016/j.jbi.2016.09.002,0,,13,"clinical, processing, medical, natural, language"
,CNV-RF Is a Random Forest-Based Copy Number Variation Detection Method Using Next-Generation Sequencing,2016,10.1016/j.jmoldx.2016.07.001,0,,14,"cancer, analysis, cell, genes, expression"
,A statistical approach to detection of copy number variations in PCR-enriched targeted sequencing data,2016,10.1186/s12859-016-1272-6,0,,14,"cancer, analysis, cell, genes, expression"
,Classification of Thyroid Nodules in Ultrasound Images Using Direction-Independent Features Extracted by Two-Threshold Binary Decomposition,2019,10.1177/1533033819830748,0,,9,"ultrasound, based, using, lung, classification"
,Quantifying lung ultrasound comets with a convolutional neural network: Initial clinical results,2019,10.1016/j.compbiomed.2019.02.002,0,,9,"ultrasound, based, using, lung, classification"
,DeepUbi: a deep learning framework for prediction of ubiquitination sites in proteins,2019,10.1186/s12859-019-2677-9,0,,14,"cancer, analysis, cell, genes, expression"
,Importance of medical data preprocessing in predictive modeling and risk factor discovery for the frailty syndrome,2019,10.1186/s12911-019-0747-6,0,,7,"cancer, learning, prediction, prostate, using"
,The Feasibility of Integrating Resting-State fMRI Networks into Radiotherapy Treatment Planning,2019,10.1016/j.jmir.2018.09.003,0,,7,"cancer, learning, prediction, prostate, using"
,The Early Psychosis Screener for Internet (EPSI)-SR: Predicting 12 month psychotic conversion using machine learning,2019,10.1016/j.schres.2019.01.015,0,,17,"learning, using, deep, data, health"
,An automated data verification approach for improving data quality in a clinical registry,2019,10.1016/j.cmpb.2019.01.012,0,,12,"data, clinical, electronic, using, record"
,A hospital wide predictive model for unplanned readmission using hierarchical ICD data,2019,10.1016/j.cmpb.2019.02.007,0,,18,"learning, machine, data, clinical, using"
,Deep learning and radiomics: the utility of Google TensorFlow™ Inception in classifying clear cell renal cell carcinoma and oncocytoma on multiphasic CT,2019,10.1007/s00261-019-01929-0,0,,10,"learning, deep, using, based, network"
,EEG-based mild depression recognition using convolutional neural network,2019,10.1007/s11517-019-01959-2,0,,1,"using, neural, convolutional, eeg, detection"
,Machine-Learning-Based Laboratory Developed Test for the Diagnosis of Sepsis in High-Risk Patients,2019,10.3390/diagnostics9010020,0,,19,"learning, machine, prediction, model, clinical"
,Using natural language processing to extract clinically useful information from Chinese electronic medical records,2019,10.1016/j.ijmedinf.2019.01.004,0,,13,"clinical, processing, medical, natural, language"
,Cerebellar resting-state functional connectivity in Parkinson's disease and multiple system atrophy: Characterization of abnormalities and potential for differential diagnosis at the single-patient level,2019,10.1016/j.nicl.2019.101720,0,,0,"disease, parkinson, based, learning, diagnosis"
,"Tweet Classification Toward Twitter-Based Disease Surveillance: New Data, Methods, and Evaluations",2019,10.2196/12783,0,,13,"clinical, processing, medical, natural, language"
,Using machine learning models to predict oxygen saturation following ventilator support adjustment in critically ill children: A single center pilot study,2019,10.1371/journal.pone.0198921,0,,19,"learning, machine, prediction, model, clinical"
,Machine learning models for predicting post-cystectomy recurrence and survival in bladder cancer patients,2019,10.1371/journal.pone.0210976,0,,7,"cancer, learning, prediction, prostate, using"
,[Impact of DVH Outliers Registered in Knowledge-based Planning on Volumetric Modulated Arc Therapy Treatment Planning for Prostate Cancer],2019,10.6009/jjrt.2019_jsrt_75.2.151,0,,7,"cancer, learning, prediction, prostate, using"
,Depletion of β3-adrenergic receptor induces left ventricular diastolic dysfunction via potential regulation of energy metabolism and cardiac contraction,2019,10.1016/j.gene.2019.02.038,0,,11,"learning, cardiovascular, deep, analysis, ct"
,Proteome profiling of triple negative breast cancer cells overexpressing NOD1 and NOD2 receptors unveils molecular signatures of malignant cell proliferation,2019,10.1186/s12864-019-5523-6,0,,14,"cancer, analysis, cell, genes, expression"
,Comparing clinical judgment with the MySurgeryRisk algorithm for preoperative risk assessment: A pilot usability study,2019,10.1016/j.surg.2019.01.002,0,,4,"big, data, care, cancer, digital"
,An epistemological problem for integration in EBM,2019,10.1111/jep.13109,0,,2,"integration, disease, ontology, based, ontological"
,Data Dissemination: Shortening the Long Tail of Traumatic Brain Injury Dark Data,2020,10.1089/neu.2018.6192,0,,4,"big, data, care, cancer, digital"
,"How Should AI Be Developed, Validated, and Implemented in Patient Care?",2019,10.1001/amajethics.2019.125,0,,5,"intelligence, artificial, healthcare, ai, care"
,Are Current Tort Liability Doctrines Adequate for Addressing Injury Caused by AI?,2019,10.1001/amajethics.2019.160,0,,5,"intelligence, artificial, healthcare, ai, care"
,Direct Automatic Coronary Calcium Scoring in Cardiac and Chest CT,2019,10.1109/tmi.2019.2899534,0,,11,"learning, cardiovascular, deep, analysis, ct"
,Integrated structural variation and point mutation signatures in cancer genomes using correlated topic models,2019,10.1371/journal.pcbi.1006799,0,,14,"cancer, analysis, cell, genes, expression"
,Using natural language processing and machine learning to classify health literacy from secure messages: The ECLIPPSE study,2019,10.1371/journal.pone.0212488,0,,13,"clinical, processing, medical, natural, language"
,Machine learning models for early sepsis recognition in the neonatal intensive care unit using readily available electronic health record data,2019,10.1371/journal.pone.0212665,0,,19,"learning, machine, prediction, model, clinical"
,Predicting persistent depressive symptoms in older adults: A machine learning approach to personalised mental healthcare,2019,10.1016/j.jad.2018.12.095,0,,17,"learning, using, deep, data, health"
,Prognostic value of CT myocardial perfusion imaging and CT-derived fractional flow reserve for major adverse cardiac events in patients with coronary artery disease,2019,10.1016/j.jcct.2019.02.005,0,,11,"learning, cardiovascular, deep, analysis, ct"
,The pan-cancer analysis of gain-of-functional mutations to identify the common oncogenic signatures in multiple cancers,2019,10.1016/j.gene.2019.02.039,0,,14,"cancer, analysis, cell, genes, expression"
,Variance Reduction in Neurosurgical Practice: The Case for Analytics-Driven Decision Support in the Era of Big Data,2019,10.1016/j.wneu.2019.01.292,0,,4,"big, data, care, cancer, digital"
,Design Characteristics of Studies Reporting the Performance of Artificial Intelligence Algorithms for Diagnostic Analysis of Medical Images: Results from Recently Published Papers,2019,10.3348/kjr.2019.0025,0,,5,"intelligence, artificial, healthcare, ai, care"
,Gait-Based Diplegia Classification Using LSMT Networks,2019,10.1155/2019/3796898,0,,1,"using, neural, convolutional, eeg, detection"
,Contraceptive Pharmacology and Risk Communication: A Case-Based Flipped Classroom Exercise,2019,10.15766/mep_2374-8265.10790,0,,18,"learning, machine, data, clinical, using"
,MCN: A comprehensive corpus for medical concept normalization,2019,10.1016/j.jbi.2019.103132,0,,13,"clinical, processing, medical, natural, language"
,Deep Learning for Segmentation Using an Open Large-Scale Dataset in 2D Echocardiography,2019,10.1109/tmi.2019.2900516,0,,11,"learning, cardiovascular, deep, analysis, ct"
,DeepCEST: 9.4 T Chemical exchange saturation transfer MRI contrast predicted from 3 T data - a proof of concept study,2019,10.1002/mrm.27690,0,,10,"learning, deep, using, based, network"
,Computer-Aided Diagnosis of Pancreas Serous Cystic Neoplasms: A Radiomics Method on Preoperative MDCT Images,2019,10.1177/1533033818824339,0,,9,"ultrasound, based, using, lung, classification"
,Machine Learning Accurately Predicts Short-Term Outcomes Following Open Reduction and Internal Fixation of Ankle Fractures,2019,10.1053/j.jfas.2018.09.004,0,,18,"learning, machine, data, clinical, using"
,Multiscale Fine-Grained Heart Rate Variability Analysis for Recognizing the Severity of Hypertension,2019,10.1155/2019/4936179,0,,11,"learning, cardiovascular, deep, analysis, ct"
,Advancing Semantic Interoperability of Image Annotations: Automated Conversion of Non-standard Image Annotations in a Commercial PACS to the Annotation and Image Markup,2020,10.1007/s10278-019-00191-6,0,,13,"clinical, processing, medical, natural, language"
,Classification of Background Parenchymal Uptake on Molecular Breast Imaging Using a Convolutional Neural Network,2019,10.1200/cci.18.00133,0,,10,"learning, deep, using, based, network"
,Automatic inference of BI-RADS final assessment categories from narrative mammography report findings,2019,10.1016/j.jbi.2019.103137,0,,9,"ultrasound, based, using, lung, classification"
,Differential long noncoding RNAs expression in cancer-associated fibroblasts of non-small-cell lung cancer,2019,10.2217/pgs-2018-0102,0,,14,"cancer, analysis, cell, genes, expression"
,Assessing fluoroquinolone-associated aortic aneurysm and dissection: Data mining of the public version of the FDA adverse event reporting system,2019,10.1111/ijcp.13331,0,,19,"learning, machine, prediction, model, clinical"
,Digital patient models based on Bayesian networks for clinical treatment decision support,2019,10.1080/13645706.2019.1584572,0,,18,"learning, machine, data, clinical, using"
,deepBioWSD: effective deep neural word sense disambiguation of biomedical text data,2019,10.1093/jamia/ocy189,0,,13,"clinical, processing, medical, natural, language"
,POLAR Diversion: Using General Practice Data to Calculate Risk of Emergency Department Presentation at the Time of Consultation,2019,10.1055/s-0039-1678608,0,,16,"clinical, support, decision, knowledge, systems"
,Deep Learning-Based Framework for In Vivo Identification of Glioblastoma Tumor using Hyperspectral Images of Human Brain,2019,10.3390/s19040920,0,,6,"learning, glioblastoma, machine, biomarkers, using"
,"Formalin-Fixed, Paraffin-Embedded Tissues (FFPE) as a Robust Source for the Profiling of Native and Protease-Generated Protein Amino Termini",2016,10.1074/mcp.o115.056515,0,,14,"cancer, analysis, cell, genes, expression"
,Natural Language Processing in Radiology: A Systematic Review,2016,10.1148/radiol.16142770,0,,13,"clinical, processing, medical, natural, language"
,Data-mining to build a knowledge representation store for clinical decision support. Studies on curation and validation based on machine performance in multiple choice medical licensing examinations,2016,10.1016/j.compbiomed.2016.02.010,0,,16,"clinical, support, decision, knowledge, systems"
,Seizure Prediction Using Undulated Global and Local Features,2017,10.1109/tbme.2016.2553131,0,,1,"using, neural, convolutional, eeg, detection"
,Adverse Events in Robotic Surgery: A Retrospective Study of 14 Years of FDA Data,2016,10.1371/journal.pone.0151470,0,,5,"intelligence, artificial, healthcare, ai, care"
,Folded concave penalized learning in identifying multimodal MRI marker for Parkinson's disease,2016,10.1016/j.jneumeth.2016.04.016,0,,0,"disease, parkinson, based, learning, diagnosis"
,High-Accuracy Detection of Early Parkinson's Disease through Multimodal Features and Machine Learning,2016,10.1016/j.ijmedinf.2016.03.001,0,,0,"disease, parkinson, based, learning, diagnosis"
,Hybrid EANN-EA System for the Primary Estimation of Cardiometabolic Risk,2016,10.1007/s10916-016-0498-1,0,,11,"learning, cardiovascular, deep, analysis, ct"
,A bioinformatics approach for precision medicine off-label drug drug selection among triple negative breast cancer patients,2016,10.1093/jamia/ocw004,0,,14,"cancer, analysis, cell, genes, expression"
,Electronic medical record phenotyping using the anchor and learn framework,2016,10.1093/jamia/ocw011,0,,12,"data, clinical, electronic, using, record"
,Model-based genotype-phenotype mapping used to investigate gene signatures of immune sensitivity and resistance in melanoma micrometastasis,2016,10.1038/srep24967,0,,14,"cancer, analysis, cell, genes, expression"
,Use of systems biology to decipher host-pathogen interaction networks and predict biomarkers,2016,10.1016/j.cmi.2016.04.014,0,,15,"medicine, prediction, omics, disease, network"
,Big Data and Machine Learning in Plastic Surgery: A New Frontier in Surgical Innovation,2016,10.1097/prs.0000000000002088,0,,4,"big, data, care, cancer, digital"
,Comparative top down proteomics of peripheral blood mononuclear cells from kidney transplant recipients with normal kidney biopsies or acute rejection,2016,10.1002/pmic.201600008,0,,14,"cancer, analysis, cell, genes, expression"
,A Natural Language Processing Tool for Large-Scale Data Extraction from Echocardiography Reports,2016,10.1371/journal.pone.0153749,0,,13,"clinical, processing, medical, natural, language"
,An automated tuberculosis screening strategy combining X-ray-based computer-aided detection and clinical information,2016,10.1038/srep25265,0,,11,"learning, cardiovascular, deep, analysis, ct"
,A flexible data-driven comorbidity feature extraction framework,2016,10.1016/j.compbiomed.2016.04.014,0,,17,"learning, using, deep, data, health"
,[Network pharmacology study of effective constituents of traditional Chinese medicine for Alzheimer’s disease treatment],2016,,0,,15,"medicine, prediction, omics, disease, network"
,Learning of speckle statistics for in vivo and noninvasive characterization of cutaneous wound regions using laser speckle contrast imaging,2016,10.1016/j.mvr.2016.04.008,0,,10,"learning, deep, using, based, network"
,Neural correlates of consciousness in patients who have emerged from a minimally conscious state: a cross-sectional multimodal imaging study,2016,10.1016/s1474-4422(16)00111-3,0,,1,"using, neural, convolutional, eeg, detection"
,Differentiating Patients with Parkinson's Disease from Normal Controls Using Gray Matter in the Cerebellum,2017,10.1007/s12311-016-0781-1,0,,0,"disease, parkinson, based, learning, diagnosis"
,Automatic coronary calcium scoring using noncontrast and contrast CT images,2016,10.1118/1.4945045,0,,11,"learning, cardiovascular, deep, analysis, ct"
,Protein pathways working in human follicular fluid: the future for tailored IVF?,2016,10.1017/erm.2016.4,0,,14,"cancer, analysis, cell, genes, expression"
,MOLGENIS/connect: a system for semi-automatic integration of heterogeneous phenotype data with applications in biobanks,2016,10.1093/bioinformatics/btw155,0,,15,"medicine, prediction, omics, disease, network"
,MetaKTSP: a meta-analytic top scoring pair method for robust cross-study validation of omics prediction analysis,2016,10.1093/bioinformatics/btw115,0,,15,"medicine, prediction, omics, disease, network"
,Detecting borderline infection in an automated monitoring system for healthcare-associated infection using fuzzy logic,2016,10.1016/j.artmed.2016.04.005,0,,19,"learning, machine, prediction, model, clinical"
,Inverse treatment planning for spinal robotic radiosurgery: an international multi-institutional benchmark trial,2016,10.1120/jacmp.v17i3.6151,0,,7,"cancer, learning, prediction, prostate, using"
,Dysphagia Management and Research in an Acute-Care Military Treatment Facility: The Role of Applied Informatics,2016,10.7205/milmed-d-15-00170,0,,4,"big, data, care, cancer, digital"
,Developing a Cognitive and Communications Tool for Burn Intensive Care Unit Clinicians,2016,10.7205/milmed-d-15-00173,0,,4,"big, data, care, cancer, digital"
,Age-dependent expression of DNMT1 and DNMT3B in PBMCs from a large European population enrolled in the MARK-AGE study,2016,10.1111/acel.12485,0,,14,"cancer, analysis, cell, genes, expression"
,RNA-Seq Analysis Reveals Genes Underlying Different Disease Responses to Porcine Circovirus Type 2 in Pigs,2016,10.1371/journal.pone.0155502,0,,14,"cancer, analysis, cell, genes, expression"
,Learning statistical models of phenotypes using noisy labeled training data,2016,10.1093/jamia/ocw028,0,,8,"drug, learning, 19, covid, trials"
,Extracting a stroke phenotype risk factor from Veteran Health Administration clinical reports: an information content analysis,2016,10.1186/s13326-016-0065-1,0,,13,"clinical, processing, medical, natural, language"
,Collective intelligence in medical diagnosis systems: A case study,2016,10.1016/j.compbiomed.2016.04.016,0,,5,"intelligence, artificial, healthcare, ai, care"
,Classification Preictal and Interictal Stages via Integrating Interchannel and Time-Domain Analysis of EEG Features,2017,10.1177/1550059416649076,0,,1,"using, neural, convolutional, eeg, detection"
,An ontological model of the practice transformation process,2016,10.1016/j.jbi.2016.05.001,0,,2,"integration, disease, ontology, based, ontological"
,A framework for the automatic detection and characterization of brain malformations: Validation on the corpus callosum,2016,10.1016/j.media.2016.05.001,0,,1,"using, neural, convolutional, eeg, detection"
,Electrocardiographic diagnosis of ST segment elevation myocardial infarction: An evaluation of three automated interpretation algorithms,2016,10.1016/j.jelectrocard.2016.04.010,0,,11,"learning, cardiovascular, deep, analysis, ct"
,A study of the effectiveness of machine learning methods for classification of clinical interview fragments into a large number of categories,2016,10.1016/j.jbi.2016.05.004,0,,12,"data, clinical, electronic, using, record"
,An 18 gene expression-based score classifier predicts the clinical outcome in stage 4 neuroblastoma,2016,10.1186/s12967-016-0896-7,0,,6,"learning, glioblastoma, machine, biomarkers, using"
,A Prognostic Model of Surgical Site Infection Using Daily Clinical Wound Assessment,2016,10.1016/j.jamcollsurg.2016.04.046,0,,19,"learning, machine, prediction, model, clinical"
,Learning disease relationships from clinical drug trials,2017,10.1093/jamia/ocw003,0,,8,"drug, learning, 19, covid, trials"
,Argo: enabling the development of bespoke workflows and services for disease annotation,2016,10.1093/database/baw066,0,,2,"integration, disease, ontology, based, ontological"
,"Experimental new automatic tools for robotic stereotactic neurosurgery: towards ""no hands"" procedure of leads implantation into a brain target",2016,10.1007/s00702-016-1575-9,0,,5,"intelligence, artificial, healthcare, ai, care"
,"Effectiveness of a social robot, ""Paro,"" in a VA long-term care setting",2016,10.1037/ser0000080,0,,5,"intelligence, artificial, healthcare, ai, care"
,Multilevel Weighted Support Vector Machine for Classification on Healthcare Data with Missing Values,2016,10.1371/journal.pone.0155119,0,,18,"learning, machine, data, clinical, using"
,"Unveiling the interactions among BMPR-2, ALK-1 and 5-HTT genes in the pathophysiology of HAPE",2016,10.1016/j.gene.2016.05.016,0,,14,"cancer, analysis, cell, genes, expression"
,A development of assistant surgical robot system based on surgical-operation-by-wire and hands-on-throttle-and-stick,2016,10.1186/s12938-016-0189-7,0,,5,"intelligence, artificial, healthcare, ai, care"
,Adaptive contrast weighted learning for multi-stage multi-treatment decision-making,2017,10.1111/biom.12539,0,,18,"learning, machine, data, clinical, using"
,"Urine proteome analysis in heart failure with reduced ejection fraction complicated by chronic kidney disease: feasibility, and clinical and pathogenetic correlates",2016,10.1002/ejhf.544,0,,14,"cancer, analysis, cell, genes, expression"
,Bending the Artificial Intelligence Curve for Radiology: Informatics Tools From ACR and RSNA,2019,10.1016/j.jacr.2019.06.009,0,,5,"intelligence, artificial, healthcare, ai, care"
,An empirical evaluation of deep learning for ICD-9 code assignment using MIMIC-III clinical notes,2019,10.1016/j.cmpb.2019.05.024,0,,17,"learning, using, deep, data, health"
,A machine learning approach for predicting urine output after fluid administration,2019,10.1016/j.cmpb.2019.05.009,0,,19,"learning, machine, prediction, model, clinical"
,Impact of Artificial Intelligence on Interventional Cardiology: From Decision-Making Aid to Advanced Interventional Procedure Assistance,2019,10.1016/j.jcin.2019.04.048,0,,5,"intelligence, artificial, healthcare, ai, care"
,Machine Learning Prediction Models for In-Hospital Mortality After Transcatheter Aortic Valve Replacement,2019,10.1016/j.jcin.2019.06.013,0,,19,"learning, machine, prediction, model, clinical"
,A convolutional neural network approach for IMRT dose distribution prediction in prostate cancer patients,2019,10.1093/jrr/rrz051,0,,7,"cancer, learning, prediction, prostate, using"
,Automatic detection and diagnosis of sacroiliitis in CT scans as incidental findings,2019,10.1016/j.media.2019.07.007,0,,11,"learning, cardiovascular, deep, analysis, ct"
,2D ultrasound imaging based intra-fraction respiratory motion tracking for abdominal radiation therapy using machine learning,2019,10.1088/1361-6560/ab33db,0,,9,"ultrasound, based, using, lung, classification"
,Gene expression profile of human T cells following a single stimulation of peripheral blood mononuclear cells with anti-CD3 antibodies,2019,10.1186/s12864-019-5967-8,0,,14,"cancer, analysis, cell, genes, expression"
,Pan-Renal Cell Carcinoma classification and survival prediction from histopathology images using deep learning,2019,10.1038/s41598-019-46718-3,0,,10,"learning, deep, using, based, network"
,LncRNA LINP1 regulates acute myeloid leukemia progression via HNF4α/AMPK/WNT5A signaling pathway,2019,10.1002/hon.2651,0,,14,"cancer, analysis, cell, genes, expression"
,Automated spectrographic seizure detection using convolutional neural networks,2019,10.1016/j.seizure.2019.07.009,0,,1,"using, neural, convolutional, eeg, detection"
,"Fully Automated, Quality-Controlled Cardiac Analysis From CMR: Validation and Large-Scale Application to Characterize Cardiac Function",2020,10.1016/j.jcmg.2019.05.030,0,,11,"learning, cardiovascular, deep, analysis, ct"
,Using big data analytics to improve HIV medical care utilisation in South Carolina: A study protocol,2019,10.1136/bmjopen-2018-027688,0,,4,"big, data, care, cancer, digital"
,Dynamic Prediction in Clinical Survival Analysis Using Temporal Convolutional Networks,2020,10.1109/jbhi.2019.2929264,0,,7,"cancer, learning, prediction, prostate, using"
,An artificial intelligence-based clinical decision support system for large kidney stone treatment,2019,10.1007/s13246-019-00780-3,0,,5,"intelligence, artificial, healthcare, ai, care"
,Identification of Patients in Need of Advanced Care for Depression Using Data Extracted From a Statewide Health Information Exchange: A Machine Learning Approach,2019,10.2196/13809,0,,17,"learning, using, deep, data, health"
,Adverse drug event and medication extraction in electronic health records via a cascading architecture with different sequence labeling models and word embeddings,2020,10.1093/jamia/ocz120,0,,13,"clinical, processing, medical, natural, language"
,"The Value of Automated Diabetic Retinopathy Screening with the EyeArt System: A Study of More Than 100,000 Consecutive Encounters from People with Diabetes",2019,10.1089/dia.2019.0164,0,,3,"automated, neural, deep, learning, glaucoma"
,Value-based Healthcare: Can Artificial Intelligence Provide Value in Orthopaedic Surgery?,2019,10.1097/corr.0000000000000873,0,,5,"intelligence, artificial, healthcare, ai, care"
,Targeting HIV/HCV Coinfection Using a Machine Learning-Based Multiple Quantitative Structure-Activity Relationships (Multiple QSAR) Method,2019,10.3390/ijms20143572,0,,14,"cancer, analysis, cell, genes, expression"
,Deep PPG: Large-Scale Heart Rate Estimation with Convolutional Neural Networks,2019,10.3390/s19143079,0,,11,"learning, cardiovascular, deep, analysis, ct"
,"Controls-based denoising, a new approach for medical image analysis, improves prediction of conversion to Alzheimer's disease with FDG-PET",2019,10.1007/s00259-019-04400-w,0,,6,"learning, glioblastoma, machine, biomarkers, using"
,A privacy protection method for health care big data management based on risk access control,2020,10.1007/s10729-019-09490-4,0,,4,"big, data, care, cancer, digital"
,Artificial intelligence in healthcare: Ethical considerations,2020,10.1177/0840470419850438,0,,5,"intelligence, artificial, healthcare, ai, care"
,Building a tobacco user registry by extracting multiple smoking behaviors from clinical notes,2019,10.1186/s12911-019-0863-3,0,,13,"clinical, processing, medical, natural, language"
,Deep Learning Fundus Image Analysis for Diabetic Retinopathy and Macular Edema Grading,2019,10.1038/s41598-019-47181-w,0,,3,"automated, neural, deep, learning, glaucoma"
,Ensemble Feature Learning to Identify Risk Factors for Predicting Secondary Cancer,2019,10.7150/ijms.33820,0,,7,"cancer, learning, prediction, prostate, using"
,Clinicopathological Features of Triple-Negative Breast Cancer Epigenetic Subtypes,2019,10.1245/s10434-019-07565-8,0,,14,"cancer, analysis, cell, genes, expression"
,Robotic Systems in Operating Theaters: New Forms of Team-Machine Interaction in Health Care,2019,10.1055/s-0039-1692465,0,,5,"intelligence, artificial, healthcare, ai, care"
,Effect of different anaesthetic techniques on gene expression profiles in patients who underwent hip arthroplasty,2019,10.1371/journal.pone.0219113,0,,14,"cancer, analysis, cell, genes, expression"
,"Analysis of gene expression in rheumatoid arthritis and related conditions offers insights into sex-bias, gene biotypes and co-expression patterns",2019,10.1371/journal.pone.0219698,0,,14,"cancer, analysis, cell, genes, expression"
,Accurate prediction of glaucoma from colour fundus images with a convolutional neural network that relies on active and transfer learning,2020,10.1111/aos.14193,0,,3,"automated, neural, deep, learning, glaucoma"
,Assessing data availability and quality within an electronic health record system through external validation against an external clinical data source,2019,10.1186/s12911-019-0864-2,0,,12,"data, clinical, electronic, using, record"
,Convolutional Neural Network for Automated FLAIR Lesion Segmentation on Clinical Brain MR Imaging,2019,10.3174/ajnr.a6138,0,,1,"using, neural, convolutional, eeg, detection"
,Identification of clinically relevant features in hypertensive patients using penalized regression: a case study of cardiovascular events,2019,10.1007/s11517-019-02007-9,0,,11,"learning, cardiovascular, deep, analysis, ct"
,Utilizing Precision Medicine to Estimate Timing for Surgical Closure of Traumatic Extremity Wounds,2019,10.1097/sla.0000000000003470,0,,19,"learning, machine, prediction, model, clinical"
,The Use of Emotional Artificial Intelligence in Plastic Surgery,2019,10.1097/prs.0000000000005873,0,,5,"intelligence, artificial, healthcare, ai, care"
,The value of missing information in severity of illness score development,2019,10.1016/j.jbi.2019.103255,0,,12,"data, clinical, electronic, using, record"
,Developing a Framework for a Healthcare Data Science Hub; Challenges and Lessons Learned,2019,10.3233/shti190008,0,,2,"integration, disease, ontology, based, ontological"
,Ontologic Model of Diagnostics and Treatment of Gastrointestinal Bleedings of Unknown Origin,2019,10.3233/shti190050,0,,19,"learning, machine, prediction, model, clinical"
,An Information Extraction Algorithm for Detecting Adverse Events in Neurosurgery Using Documents Written in a Natural Rich-in-Morphology Language,2019,10.3233/shti190051,0,,13,"clinical, processing, medical, natural, language"
,Development of an HL7 FHIR Architecture for Implementation of a Knowledge-based Interdisciplinary EHR,2019,10.3233/shti190067,0,,2,"integration, disease, ontology, based, ontological"
,Named Entity Recognition and Classification for Medical Prospectuses,2019,10.3233/shti190074,0,,13,"clinical, processing, medical, natural, language"
,Clinical Decision Support Systems: From the Perspective of Small and Imbalanced Data Set,2019,10.3233/shti190089,0,,16,"clinical, support, decision, knowledge, systems"
,An Edge Computing Method for Extracting Pathological Information from Phonocardiogram,2019,10.3233/shti190094,0,,11,"learning, cardiovascular, deep, analysis, ct"
,Brain Tumour Segmentation Using Convolutional Neural Network with Tensor Flow,2019,10.31557/apjcp.2019.20.7.2095,0,,10,"learning, deep, using, based, network"
,Readmission prediction using deep learning on electronic health records,2019,10.1016/j.jbi.2019.103256,0,,17,"learning, using, deep, data, health"
,Artificial intelligence for assisting diagnostics and assessment of Parkinson's disease-A review,2019,10.1016/j.clineuro.2019.105442,0,,0,"disease, parkinson, based, learning, diagnosis"
,A Diagnostic Prediction Model of Acute Symptomatic Portal Vein Thrombosis,2019,10.1016/j.avsg.2019.04.037,0,,19,"learning, machine, prediction, model, clinical"
,Performance stability evaluation of atlas-based machine learning radiation therapy treatment planning in prostate cancer,2021,10.1088/1361-6560/abfff0,0,,7,"cancer, learning, prediction, prostate, using"
,Using data mining technology to predict medication-taking behaviour in women with breast cancer: A retrospective study,2022,10.1002/nop2.963,0,,18,"learning, machine, data, clinical, using"
,WeDea: A New EEG-Based Framework for Emotion Recognition,2022,10.1109/jbhi.2021.3091187,0,,1,"using, neural, convolutional, eeg, detection"
,Technical Note: Dose prediction for head and neck radiotherapy using a three-dimensional dense dilated U-net architecture,2021,10.1002/mp.14827,0,,7,"cancer, learning, prediction, prostate, using"
,Characterizing the Clinical Features and Atrophy Patterns of MAPT-Related Frontotemporal Dementia With Disease Progression Modeling,2021,10.1212/wnl.0000000000012410,0,,0,"disease, parkinson, based, learning, diagnosis"
,"Optimizing antimicrobial use: challenges, advances and opportunities",2021,10.1038/s41579-021-00578-9,0,,14,"cancer, analysis, cell, genes, expression"
,Predicting Malignancy in Pediatric Thyroid Nodules: Early Experience With Machine Learning for Clinical Decision Support,2021,10.1210/clinem/dgab435,0,,7,"cancer, learning, prediction, prostate, using"
,"Machine learning-based genetic diagnosis models for hereditary hearing loss by the GJB2, SLC26A4 and MT-RNR1 variants",2021,10.1016/j.ebiom.2021.103322,0,,14,"cancer, analysis, cell, genes, expression"
,The dosimetric impact of deep learning-based auto-segmentation of organs at risk on nasopharyngeal and rectal cancer,2021,10.1186/s13014-021-01837-y,0,,10,"learning, deep, using, based, network"
,Impairing flow-mediated endothelial remodeling reduces extravasation of tumor cells,2021,10.1038/s41598-021-92515-2,0,,14,"cancer, analysis, cell, genes, expression"
,Identification of hub genes with prognostic values in multiple myeloma by bioinformatics analysis,2021,10.1080/16078454.2021.1943617,0,,14,"cancer, analysis, cell, genes, expression"
,Pathophysiologic Signature of Impending ICU Hypoglycemia in Bedside Monitoring and Electronic Health Record Data: Model Development and External Validation,2022,10.1097/ccm.0000000000005171,0,,19,"learning, machine, prediction, model, clinical"
,Commissioning and clinical implementation of an Autoencoder based Classification-Regression model for VMAT patient-specific QA in a multi-institution scenario,2021,10.1016/j.radonc.2021.06.024,0,,18,"learning, machine, data, clinical, using"
,Prognostic accuracy of MALDI-TOF mass spectrometric analysis of plasma in COVID-19,2021,10.26508/lsa.202000946,0,,8,"drug, learning, 19, covid, trials"
,Bioactivity descriptors for uncharacterized chemical compounds,2021,10.1038/s41467-021-24150-4,0,,14,"cancer, analysis, cell, genes, expression"
,Object and anatomical feature recognition in surgical video images based on a convolutional neural network,2021,10.1007/s11548-021-02434-w,0,,10,"learning, deep, using, based, network"
,"Chest radiographs and machine learning - Past, present and future",2021,10.1111/1754-9485.13274,0,,9,"ultrasound, based, using, lung, classification"
,Screening for regenerative therapy responders in heart failure,2021,10.2217/bmm-2020-0683,0,,11,"learning, cardiovascular, deep, analysis, ct"
,Harnessing clinical annotations to improve deep learning performance in prostate segmentation,2021,10.1371/journal.pone.0253829,0,,7,"cancer, learning, prediction, prostate, using"
,Accounting for uncertainties in the position of anatomical barriers used to define the clinical target volume,2021,10.1088/1361-6560/ac0ea3,0,,7,"cancer, learning, prediction, prostate, using"
,Digital Death and Thanatechnology: New Ways of Thinking About Data (Im)Mortality and Digital Transformation,2022,10.1089/omi.2021.0096,0,,4,"big, data, care, cancer, digital"
,Combinatory strategy using nanoscale proteomics and machine learning for T cell subtyping in peripheral blood of single multiple myeloma patients,2021,10.1016/j.aca.2021.338672,0,,14,"cancer, analysis, cell, genes, expression"
,Embryo selection with artificial intelligence: how to evaluate and compare methods?,2021,10.1007/s10815-021-02254-6,0,,5,"intelligence, artificial, healthcare, ai, care"
,Stromal composition predicts recurrence of early rectal cancer after local excision,2021,10.1111/his.14438,0,,6,"learning, glioblastoma, machine, biomarkers, using"
,Comprehensive proteomic analysis reveals distinct functional modules associated with skull base and supratentorial meningiomas and perturbations in collagen pathway components,2021,10.1016/j.jprot.2021.104303,0,,14,"cancer, analysis, cell, genes, expression"
,Large-scale literature mining to assess the relation between anti-cancer drugs and cancer types,2021,10.1186/s12967-021-02941-z,0,,15,"medicine, prediction, omics, disease, network"
,Automation in radiotherapy treatment planning: Examples of use in clinical practice and future trends for a complete automated workflow,2021,10.1016/j.canrad.2021.06.006,0,,7,"cancer, learning, prediction, prostate, using"
,Novel Approaches to Detection of Cerebral Microbleeds: Single Deep Learning Model to Achieve a Balanced Performance,2021,10.1016/j.jstrokecerebrovasdis.2021.105886,0,,6,"learning, glioblastoma, machine, biomarkers, using"
,Identification of differentially expressed genes-related prognostic risk model for survival prediction in breast carcinoma patients,2021,10.18632/aging.203178,0,,14,"cancer, analysis, cell, genes, expression"
,Augmenting the Transplant Team With Artificial Intelligence: Toward Meaningful AI Use in Solid Organ Transplant,2021,10.3389/fimmu.2021.694222,0,,5,"intelligence, artificial, healthcare, ai, care"
,Articles That Use Artificial Intelligence for Ultrasound: A Reader's Guide,2021,10.3389/fonc.2021.631813,0,,9,"ultrasound, based, using, lung, classification"
,Dr. Answer AI for Prostate Cancer: Predicting Biochemical Recurrence Following Radical Prostatectomy,2021,10.1177/15330338211024660,0,,7,"cancer, learning, prediction, prostate, using"
,Convolutional Neural Network Models for Automatic Preoperative Severity Assessment in Unilateral Cleft Lip,2021,10.1097/prs.0000000000008063,0,,10,"learning, deep, using, based, network"
,Replication of machine learning methods to predict treatment outcome with antidepressant medications in patients with major depressive disorder from STAR*D and CAN-BIND-1,2021,10.1371/journal.pone.0253023,0,,17,"learning, using, deep, data, health"
,Real-time computer-aided diagnosis of focal pancreatic masses from endoscopic ultrasound imaging based on a hybrid convolutional and long short-term memory neural network model,2021,10.1371/journal.pone.0251701,0,,10,"learning, deep, using, based, network"
,High-throughput proteomics and AI for cancer biomarker discovery,2021,10.1016/j.addr.2021.113844,0,,14,"cancer, analysis, cell, genes, expression"
,Clinical decision support algorithm based on machine learning to assess the clinical response to anti-programmed death-1 therapy in patients with non-small-cell lung cancer,2021,10.1016/j.ejca.2021.05.019,0,,7,"cancer, learning, prediction, prostate, using"
,On the predictability of postoperative complications for cancer patients: a Portuguese cohort study,2021,10.1186/s12911-021-01562-2,0,,18,"learning, machine, data, clinical, using"
,Developing a reporting guideline for artificial intelligence-centred diagnostic test accuracy studies: the STARD-AI protocol,2021,10.1136/bmjopen-2020-047709,0,,5,"intelligence, artificial, healthcare, ai, care"
,Deep learning-based synthetic CT generation for MR-only radiotherapy of prostate cancer patients with 0.35T MRI linear accelerator,2021,10.1002/acm2.13327,0,,7,"cancer, learning, prediction, prostate, using"
,Investigation of Candidate Genes and Pathways in Basal/TNBC Patients by Integrated Analysis,2021,10.1177/15330338211019506,0,,14,"cancer, analysis, cell, genes, expression"
,CAR-based cell therapy: evaluation with bibliometrics and patent analysis,2021,10.1080/21645515.2021.1947100,0,,15,"medicine, prediction, omics, disease, network"
,Personalized prediction of disease activity in patients with rheumatoid arthritis using an adaptive deep neural network,2021,10.1371/journal.pone.0252289,0,,18,"learning, machine, data, clinical, using"
,Unexpected Inequality: Disparate-Impact From Artificial Intelligence in Healthcare Decisions,2021,,0,,5,"intelligence, artificial, healthcare, ai, care"
,Modern computational intelligence based drug repurposing for diabetes epidemic,2021,10.1016/j.dsx.2021.06.017,0,,18,"learning, machine, data, clinical, using"
,Non-invasive plasma glycomic and metabolic biomarkers of post-treatment control of HIV,2021,10.1038/s41467-021-24077-w,0,,8,"drug, learning, 19, covid, trials"
,Long-term cancer survival prediction using multimodal deep learning,2021,10.1038/s41598-021-92799-4,0,,7,"cancer, learning, prediction, prostate, using"
,Combined deep CNN-LSTM network-based multitasking learning architecture for noninvasive continuous blood pressure estimation using difference in ECG-PPG features,2021,10.1038/s41598-021-92997-0,0,,11,"learning, cardiovascular, deep, analysis, ct"
,Recognition of Fetal Facial Ultrasound Standard Plane Based on Texture Feature Fusion,2021,10.1155/2021/6656942,0,,9,"ultrasound, based, using, lung, classification"
,An Intelligent Clinical Decision Support System for Predicting Acute Graft-versus-host Disease (aGvHD) following Allogeneic Hematopoietic Stem Cell Transplantation,2021,10.31661/jbpe.v0i0.2012-1244,0,,16,"clinical, support, decision, knowledge, systems"
,Quantitative analysis of proteome dynamics in a mouse model of asthma,2021,10.1111/cea.13843,0,,14,"cancer, analysis, cell, genes, expression"
,Psychiatric Advance Directives and Artificial Intelligence: A Conceptual Framework for Theoretical and Ethical Principles,2021,10.3389/fpsyt.2020.622506,0,,5,"intelligence, artificial, healthcare, ai, care"
,Reference-Driven Undersampled MR Image Reconstruction Using Wavelet Sparsity-Constrained Deep Image Prior,2021,10.1155/2021/8865582,0,,6,"learning, glioblastoma, machine, biomarkers, using"
,Comparative Evaluation of the Treatment of COVID-19 with Multicriteria Decision-Making Techniques,2021,10.1155/2021/8864522,0,,8,"drug, learning, 19, covid, trials"
,Qualitative and Quantitative MRI Analysis in IDH1 Genotype Prediction of Lower-Grade Gliomas: A Machine Learning Approach,2021,10.1155/2021/1235314,0,,6,"learning, glioblastoma, machine, biomarkers, using"
,From clinical decision support to clinical reasoning support systems,2021,10.1111/jep.13541,0,,16,"clinical, support, decision, knowledge, systems"
,The point-of-care use of a facial phenotyping tool in the genetics clinic: Enhancing diagnosis and education with machine learning,2021,10.1002/ajmg.a.62092,0,,8,"drug, learning, 19, covid, trials"
,Plasma miR-9-3p and miR-136-3p as Potential Novel Diagnostic Biomarkers for Experimental and Human Mild Traumatic Brain Injury,2021,10.3390/ijms22041563,0,,14,"cancer, analysis, cell, genes, expression"
,Patient Factors That Matter in Predicting Hip Arthroplasty Outcomes: A Machine-Learning Approach,2021,10.1016/j.arth.2020.12.038,0,,18,"learning, machine, data, clinical, using"
,"A multipurpose machine learning approach to predict COVID-19 negative prognosis in São Paulo, Brazil",2021,10.1038/s41598-021-82885-y,0,,8,"drug, learning, 19, covid, trials"
,Deep-learning-assisted analysis of echocardiographic videos improves predictions of all-cause mortality,2021,10.1038/s41551-020-00667-9,0,,11,"learning, cardiovascular, deep, analysis, ct"
,Accuracy of identifying hospital acquired venous thromboembolism by administrative coding: implications for big data and machine learning research,2022,10.1007/s10877-021-00664-6,0,,19,"learning, machine, prediction, model, clinical"
,Genomic sequence analysis of lung infections using artificial intelligence technique,2021,10.1007/s12539-020-00414-3,0,,19,"learning, machine, prediction, model, clinical"
,Simplified and Unified Access to Cancer Proteogenomic Data,2021,10.1021/acs.jproteome.0c00919,0,,14,"cancer, analysis, cell, genes, expression"
,Artificial intelligence and digital pathology: Opportunities and implications for immuno-oncology,2021,10.1016/j.bbcan.2021.188520,0,,4,"big, data, care, cancer, digital"
,Discovering symptom patterns of COVID-19 patients using association rule mining,2021,10.1016/j.compbiomed.2021.104249,0,,8,"drug, learning, 19, covid, trials"
,A Framework for AI-Assisted Detection of Patent Ductus Arteriosus from Neonatal Phonocardiogram,2021,10.3390/healthcare9020169,0,,11,"learning, cardiovascular, deep, analysis, ct"
,Using blood data for the differential diagnosis and prognosis of motor neuron diseases: a new dataset for machine learning applications,2021,10.1038/s41598-021-82940-8,0,,18,"learning, machine, data, clinical, using"
,No lab is an island: universal coding of laboratory test names,2021,10.1177/1040638721994829,0,,5,"intelligence, artificial, healthcare, ai, care"
,Relationship between resting 12-lead electrocardiogram and all-cause death in patients without structural heart disease: Shinken Database analysis,2021,10.1186/s12872-021-01864-3,0,,11,"learning, cardiovascular, deep, analysis, ct"
,Predicting blood-to-plasma concentration ratios of drugs from chemical structures and volumes of distribution in humans,2021,10.1007/s11030-021-10186-7,0,,8,"drug, learning, 19, covid, trials"
,Data-Driven Modeling of Pregnancy-Related Complications,2021,10.1016/j.molmed.2021.01.007,0,,18,"learning, machine, data, clinical, using"
,Inflammation and Apolipoproteins Are Potential Biomarkers for Stratification of Cutaneous Melanoma Patients for Immunotherapy and Targeted Therapy,2021,10.1158/0008-5472.can-20-2000,0,,14,"cancer, analysis, cell, genes, expression"
,Increased Expression of DNA2 Was Linked to Poor Prognosis in Breast Cancer,2021,10.1155/2021/8860728,0,,14,"cancer, analysis, cell, genes, expression"
,An Artificial Neural Networks Model for Early Predicting In-Hospital Mortality in Acute Pancreatitis in MIMIC-III,2021,10.1155/2021/6638919,0,,19,"learning, machine, prediction, model, clinical"
,Chinese Traditional Medicine NiuBeiXiaoHe (NBXH) Extracts Have the Function of Antituberculosis and Immune Recovery in BALB/c Mice,2021,10.1155/2021/6234560,0,,15,"medicine, prediction, omics, disease, network"
,An artificial intelligence-driven agent for real-time head-and-neck IMRT plan generation using conditional generative adversarial network (cGAN),2021,10.1002/mp.14770,0,,10,"learning, deep, using, based, network"
,TranSynergy: Mechanism-driven interpretable deep neural network for the synergistic prediction and pathway deconvolution of drug combinations,2021,10.1371/journal.pcbi.1008653,0,,14,"cancer, analysis, cell, genes, expression"
,Development of a time-resolved mirrorless scintillation detector,2021,10.1371/journal.pone.0246742,0,,11,"learning, cardiovascular, deep, analysis, ct"
,Glaucoma Expert-Level Detection of Angle Closure in Goniophotographs With Convolutional Neural Networks: The Chinese American Eye Study,2021,10.1016/j.ajo.2021.02.004,0,,3,"automated, neural, deep, learning, glaucoma"
,Integrated analysis of differentially expressed genes and construction of a competing endogenous RNA network in human Huntington neural progenitor cells,2021,10.1186/s12920-021-00894-2,0,,14,"cancer, analysis, cell, genes, expression"
,Inclusion of genetic variants in an ensemble of gradient boosting decision trees does not improve the prediction of citalopram treatment response,2021,10.1038/s41598-021-83338-2,0,,15,"medicine, prediction, omics, disease, network"
,Information retrieval on oncology knowledge base using recursive paraphrase lattice,2021,10.1016/j.jbi.2021.103705,0,,13,"clinical, processing, medical, natural, language"
,IgE-Mediated Peanut Allergy: Current and Novel Predictive Biomarkers for Clinical Phenotypes Using Multi-Omics Approaches,2021,10.3389/fimmu.2020.594350,0,,14,"cancer, analysis, cell, genes, expression"
,PolyBoost: An enhanced genomic variant classifier using extreme gradient boosting,2021,10.1002/prca.201900124,0,,14,"cancer, analysis, cell, genes, expression"
,[The prospects for the creation of the National Center for Personalized Medicine of Endocrine Diseases],2021,10.14341/probl12730,0,,17,"learning, using, deep, data, health"
,DON: Deep Learning and Optimization-Based Framework for Detection of Novel Coronavirus Disease Using X-ray Images,2021,10.1007/s12539-021-00418-7,0,,10,"learning, deep, using, based, network"
,TCGA dataset screening for genes implicated in endometrial cancer using RNA-seq profiling,2021,10.1016/j.cancergen.2021.01.011,0,,14,"cancer, analysis, cell, genes, expression"
,Clinical practice vs. state-of-the-art research and future visions: Report on the 4D treatment planning workshop for particle therapy - Edition 2018 and 2019,2021,10.1016/j.ejmp.2020.12.013,0,,7,"cancer, learning, prediction, prostate, using"
,Arrhythmia classification from single-lead ECG signals using the inter-patient paradigm,2021,10.1016/j.cmpb.2021.105948,0,,11,"learning, cardiovascular, deep, analysis, ct"
,Systematic literature review of machine learning methods used in the analysis of real-world data for patient-provider decision making,2021,10.1186/s12911-021-01403-2,0,,18,"learning, machine, data, clinical, using"
,Harnessing non-destructive 3D pathology,2021,10.1038/s41551-020-00681-x,0,,5,"intelligence, artificial, healthcare, ai, care"
,Development of a Large Colonoscopy-Based Longitudinal Cohort for Integrated Research of Colorectal Cancer: Partners Colonoscopy Cohort,2022,10.1007/s10620-021-06882-x,0,,7,"cancer, learning, prediction, prostate, using"
,From predictions to prescriptions: A data-driven response to COVID-19,2021,10.1007/s10729-020-09542-0,0,,8,"drug, learning, 19, covid, trials"
,Artificial intelligence grading of breast cancer: a promising method to refine prognostic classification for management precision,2021,10.1111/his.14354,0,,7,"cancer, learning, prediction, prostate, using"
,The human-in-the-loop: an evaluation of pathologists' interaction with artificial intelligence in clinical practice,2021,10.1111/his.14356,0,,5,"intelligence, artificial, healthcare, ai, care"
,Converting disease maps into heavyweight ontologies: general methodology and application to Alzheimer's disease,2021,10.1093/database/baab004,0,,2,"integration, disease, ontology, based, ontological"
,"Deep Learning-based Propensity Scores for Confounding Control in Comparative Effectiveness Research: A Large-scale, Real-world Data Study",2021,10.1097/ede.0000000000001338,0,,17,"learning, using, deep, data, health"
,Overexpression of Apolipoprotein C1 (APOC1) in Clear Cell Renal Cell Carcinoma and Its Prognostic Significance,2021,10.12659/msm.929347,0,,14,"cancer, analysis, cell, genes, expression"
,PI Prob: A risk prediction and clinical guidance system for evaluating patients with recurrent infections,2021,10.1371/journal.pone.0237285,0,,19,"learning, machine, prediction, model, clinical"
,Semi-supervised adversarial model for benign-malignant lung nodule classification on chest CT,2019,10.1016/j.media.2019.07.004,0,,9,"ultrasound, based, using, lung, classification"
,Learning the implicit strain reconstruction in ultrasound elastography using privileged information,2019,10.1016/j.media.2019.101534,0,,9,"ultrasound, based, using, lung, classification"
,Bragatston study protocol: a multicentre cohort study on automated quantification of cardiovascular calcifications on radiotherapy planning CT scans for cardiovascular risk prediction in patients with breast cancer,2019,10.1136/bmjopen-2018-028752,0,,11,"learning, cardiovascular, deep, analysis, ct"
,Variability in Genomic and Virulent Properties of Porphyromonas gingivalis Strains Isolated From Healthy and Severe Chronic Periodontitis Individuals,2019,10.3389/fcimb.2019.00246,0,,15,"medicine, prediction, omics, disease, network"
,"Computational pathology definitions, best practices, and recommendations for regulatory guidance: a white paper from the Digital Pathology Association",2019,10.1002/path.5331,0,,4,"big, data, care, cancer, digital"
,Identifying depression in the National Health and Nutrition Examination Survey data using a deep learning algorithm,2019,10.1016/j.jad.2019.06.034,0,,17,"learning, using, deep, data, health"
,On the interpretability of machine learning-based model for predicting hypertension,2019,10.1186/s12911-019-0874-0,0,,19,"learning, machine, prediction, model, clinical"
,Predicting acute radiation induced xerostomia in head and neck Cancer using MR and CT Radiomics of parotid and submandibular glands,2019,10.1186/s13014-019-1339-4,0,,6,"learning, glioblastoma, machine, biomarkers, using"
,A validated single-cell-based strategy to identify diagnostic and therapeutic targets in complex diseases,2019,10.1186/s13073-019-0657-3,0,,14,"cancer, analysis, cell, genes, expression"
,A Two Layer Sparse Autoencoder for Glaucoma Identification with Fundus Images,2019,10.1007/s10916-019-1427-x,0,,3,"automated, neural, deep, learning, glaucoma"
,The Neurologist and Artificial Intelligence: Titans at Crossroads,2019,10.4103/aian.aian_493_18,0,,5,"intelligence, artificial, healthcare, ai, care"
,How often do prescribers include indications in drug orders? Analysis of 4 million outpatient prescriptions,2019,10.1093/ajhp/zxz082,0,,8,"drug, learning, 19, covid, trials"
,Prediction of good neurological recovery after out-of-hospital cardiac arrest: A machine learning analysis,2019,10.1016/j.resuscitation.2019.07.020,0,,19,"learning, machine, prediction, model, clinical"
,The potential for artificial intelligence in healthcare,2019,10.7861/futurehosp.6-2-94,0,,5,"intelligence, artificial, healthcare, ai, care"
,"Obtaining Knowledge in Pathology Reports Through a Natural Language Processing Approach With Classification, Named-Entity Recognition, and Relation-Extraction Heuristics",2019,10.1200/cci.19.00008,0,,13,"clinical, processing, medical, natural, language"
,A clinically applicable approach to continuous prediction of future acute kidney injury,2019,10.1038/s41586-019-1390-1,0,,19,"learning, machine, prediction, model, clinical"
,Deep Learning-Based Retrieval System for Gigapixel Histopathology Cases and the Open Access Literature,2019,10.4103/jpi.jpi_88_18,0,,10,"learning, deep, using, based, network"
,Learning Health System for Breast Cancer: Pilot Project Experience,2019,10.1200/cci.19.00032,0,,18,"learning, machine, data, clinical, using"
,Electroencephalogram Spectral Moments for the Detection of Nocturnal Hypoglycemia,2020,10.1109/jbhi.2019.2931782,0,,1,"using, neural, convolutional, eeg, detection"
,Transcriptional profiling of intramembranous and endochondral ossification after fracture in mice,2019,10.1016/j.bone.2019.07.022,0,,14,"cancer, analysis, cell, genes, expression"
,Automatic spondylolisthesis grading from MRIs across modalities using faster adversarial recognition network,2019,10.1016/j.media.2019.101533,0,,6,"learning, glioblastoma, machine, biomarkers, using"
,Machine learning and glioma imaging biomarkers,2020,10.1016/j.crad.2019.07.001,0,,6,"learning, glioblastoma, machine, biomarkers, using"
,Recognition and Clinical Diagnosis of Cervical Cancer Cells Based on our Improved Lightweight Deep Network for Pathological Image,2019,10.1007/s10916-019-1426-y,0,,10,"learning, deep, using, based, network"
,Advances in computer-aided medical systems and clinical measurement,2019,10.1080/24699322.2019.1649079,0,,19,"learning, machine, prediction, model, clinical"
,Machine learning and data mining frameworks for predicting drug response in cancer: An overview and a novel in silico screening process based on association rule mining,2019,10.1016/j.pharmthera.2019.107395,0,,8,"drug, learning, 19, covid, trials"
,Comparison of machine learning algorithms for clinical event prediction (risk of coronary heart disease),2019,10.1016/j.jbi.2019.103257,0,,19,"learning, machine, prediction, model, clinical"
,Machine Learning for Patient-Specific Quality Assurance of VMAT: Prediction and Classification Accuracy,2019,10.1016/j.ijrobp.2019.07.049,0,,18,"learning, machine, data, clinical, using"
,Construct validation of machine learning in the prediction of short-term postoperative complications following total shoulder arthroplasty,2019,10.1016/j.jse.2019.05.017,0,,19,"learning, machine, prediction, model, clinical"
,Data-driven modeling and prediction of blood glucose dynamics: Machine learning applications in type 1 diabetes,2019,10.1016/j.artmed.2019.07.007,0,,18,"learning, machine, data, clinical, using"
,A comparative study of curated contents by knowledge-based curation system in cancer clinical sequencing,2019,10.1038/s41598-019-47673-9,0,,14,"cancer, analysis, cell, genes, expression"
,A Deep Learning Model to Triage Screening Mammograms: A Simulation Study,2019,10.1148/radiol.2019182908,0,,10,"learning, deep, using, based, network"
,Prediction of the mechanisms of action of Shenkang in chronic kidney disease: A network pharmacology study and experimental validation,2020,10.1016/j.jep.2019.112128,0,,15,"medicine, prediction, omics, disease, network"
,Deep Learning using Convolutional LSTM estimates Biological Age from Physical Activity,2019,10.1038/s41598-019-46850-0,0,,7,"cancer, learning, prediction, prostate, using"
,Exploiting Graphoelements and Convolutional Neural Networks with Long Short Term Memory for Classification of the Human Electroencephalogram,2019,10.1038/s41598-019-47854-6,0,,1,"using, neural, convolutional, eeg, detection"
,Convolutional Neural Networks for Spectroscopic Analysis in Retinal Oximetry,2019,10.1038/s41598-019-47621-7,0,,3,"automated, neural, deep, learning, glaucoma"
,Machine learning in clinical practice: prospects and pitfalls,2019,10.5694/mja2.50294,0,,18,"learning, machine, data, clinical, using"
,Deep learning how to fit an intravoxel incoherent motion model to diffusion-weighted MRI,2020,10.1002/mrm.27910,0,,10,"learning, deep, using, based, network"
,"A Machine Learning Algorithm to Predict Severe Sepsis and Septic Shock: Development, Implementation, and Impact on Clinical Practice",2019,10.1097/ccm.0000000000003891,0,,19,"learning, machine, prediction, model, clinical"
,DQueST: dynamic questionnaire for search of clinical trials,2019,10.1093/jamia/ocz121,0,,17,"learning, using, deep, data, health"
,Development and Performance of the Pulmonary Embolism Result Forecast Model (PERFORM) for Computed Tomography Clinical Decision Support,2019,10.1001/jamanetworkopen.2019.8719,0,,19,"learning, machine, prediction, model, clinical"
,Medical knowledge infused convolutional neural networks for cohort selection in clinical trials,2019,10.1093/jamia/ocz128,0,,8,"drug, learning, 19, covid, trials"
,"Reducing drug prescription errors and adverse drug events by application of a probabilistic, machine-learning based clinical decision support system in an inpatient setting",2019,10.1093/jamia/ocz135,0,,18,"learning, machine, data, clinical, using"
,Health Data in Dentistry: An Attempt to Master the Digital Challenge,2019,10.1159/000501643,0,,12,"data, clinical, electronic, using, record"
,Detection of medical text semantic similarity based on convolutional neural network,2019,10.1186/s12911-019-0880-2,0,,13,"clinical, processing, medical, natural, language"
,Comparison of text processing methods in social media-based signal detection,2019,10.1002/pds.4857,0,,13,"clinical, processing, medical, natural, language"
,Connectomic Profiling Identifies Responders to Vagus Nerve Stimulation,2019,10.1002/ana.25574,0,,14,"cancer, analysis, cell, genes, expression"
,State-of-the-Art Deep Learning in Cardiovascular Image Analysis,2019,10.1016/j.jcmg.2019.06.009,0,,11,"learning, cardiovascular, deep, analysis, ct"
,Semi-Supervised Learning Algorithm for Identifying High-Priority Drug-Drug Interactions Through Adverse Event Reports,2020,10.1109/jbhi.2019.2932740,0,,8,"drug, learning, 19, covid, trials"
,Epilepsy Seizure Prediction on EEG Using Common Spatial Pattern and Convolutional Neural Network,2020,10.1109/jbhi.2019.2933046,0,,1,"using, neural, convolutional, eeg, detection"
,Use of Natural Language Processing to Extract Clinical Cancer Phenotypes from Electronic Medical Records,2019,10.1158/0008-5472.can-19-0579,0,,13,"clinical, processing, medical, natural, language"
,Chinese clinical named entity recognition with radical-level feature and self-attention mechanism,2019,10.1016/j.jbi.2019.103289,0,,13,"clinical, processing, medical, natural, language"
,Predictive biomarkers of colorectal cancer,2019,10.1016/j.compbiolchem.2019.107106,0,,6,"learning, glioblastoma, machine, biomarkers, using"
,Research Techniques Made Simple: Feature Selection for Biomarker Discovery,2019,10.1016/j.jid.2019.07.682,0,,14,"cancer, analysis, cell, genes, expression"
,"[E-health and ""Cancer outside the hospital walls"", Big Data and artificial intelligence]",2020,10.1016/j.bulcan.2019.07.006,0,,4,"big, data, care, cancer, digital"
,PharmVar GeneFocus: CYP2D6,2020,10.1002/cpt.1643,0,,14,"cancer, analysis, cell, genes, expression"
,Mining featured biomarkers associated with vascular invasion in HCC by bioinformatics analysis with TCGA RNA sequencing data,2019,10.1016/j.biopha.2019.109274,0,,14,"cancer, analysis, cell, genes, expression"
,A novel seven‑miRNA prognostic model to predict overall survival in head and neck squamous cell carcinoma patients,2019,10.3892/mmr.2019.10665,0,,14,"cancer, analysis, cell, genes, expression"
,A novel deep learning architecture outperforming 'off‑the‑shelf' transfer learning and feature‑based methods in the automated assessment of mammographic breast density,2019,10.3892/or.2019.7312,0,,10,"learning, deep, using, based, network"
,Reconstruction and analysis of competitive endogenous RNA network reveals regulatory role of long non‑coding RNAs in hepatic fibrosis,2019,10.3892/mmr.2019.10682,0,,14,"cancer, analysis, cell, genes, expression"
,Using Machine Learning and Natural Language Processing to Review and Classify the Medical Literature on Cancer Susceptibility Genes,2019,10.1200/cci.19.00042,0,,13,"clinical, processing, medical, natural, language"
,Deep Learning for Smartphone-Based Malaria Parasite Detection in Thick Blood Smears,2020,10.1109/jbhi.2019.2939121,0,,10,"learning, deep, using, based, network"
,Progressive Transfer Learning and Adversarial Domain Adaptation for Cross-Domain Skin Disease Classification,2020,10.1109/jbhi.2019.2942429,0,,10,"learning, deep, using, based, network"
,A two-stage deep learning approach for extracting entities and relationships from medical texts,2019,10.1016/j.jbi.2019.103285,0,,13,"clinical, processing, medical, natural, language"
,"A Multicenter, Scan-Rescan, Human and Machine Learning CMR Study to Test Generalizability and Precision in Imaging Biomarker Analysis",2019,10.1161/circimaging.119.009214,0,,6,"learning, glioblastoma, machine, biomarkers, using"
,Comprehensive analysis of aberrantly expressed profiles of mRNA and its relationship with serum galactose-deficient IgA1 level in IgA nephropathy,2019,10.1186/s12967-019-2064-3,0,,14,"cancer, analysis, cell, genes, expression"
,Artificial Intelligence for Mammography and Digital Breast Tomosynthesis: Current Concepts and Future Perspectives,2019,10.1148/radiol.2019182627,0,,9,"ultrasound, based, using, lung, classification"
,Extracting entities with attributes in clinical text via joint deep learning,2019,10.1093/jamia/ocz158,0,,13,"clinical, processing, medical, natural, language"
,Traditional Chinese medicine clinical records classification with BERT and domain specific corpora,2019,10.1093/jamia/ocz164,0,,13,"clinical, processing, medical, natural, language"
,Developing assistive robots for people with mild cognitive impairment and mild dementia: a qualitative study with older adults and experts in aged care,2019,10.1136/bmjopen-2019-031937,0,,5,"intelligence, artificial, healthcare, ai, care"
,Diagnosis and classification of pediatric acute appendicitis by artificial intelligence methods: An investigator-independent approach,2019,10.1371/journal.pone.0222030,0,,19,"learning, machine, prediction, model, clinical"
,Make Intelligent of Gastric Cancer Diagnosis Error in Qazvin's Medical Centers: Using Data Mining Method,2019,10.31557/apjcp.2019.20.9.2607,0,,18,"learning, machine, data, clinical, using"
,Cardiovascular models for personalised medicine: Where now and where next?,2019,10.1016/j.medengphy.2019.08.007,0,,11,"learning, cardiovascular, deep, analysis, ct"
,"Automating Complex, Multistep Processes on a Single Robotic Platform to Generate Reproducible Phosphoproteomic Data",2020,10.1177/2472555219878152,0,,4,"big, data, care, cancer, digital"
,Automated diagnosis of heart valve degradation using novelty detection algorithms and machine learning,2019,10.1371/journal.pone.0222983,0,,11,"learning, cardiovascular, deep, analysis, ct"
,Adversarial training based lattice LSTM for Chinese clinical named entity recognition,2019,10.1016/j.jbi.2019.103290,0,,13,"clinical, processing, medical, natural, language"
,Wikidata: A large-scale collaborative ontological medical database,2019,10.1016/j.jbi.2019.103292,0,,2,"integration, disease, ontology, based, ontological"
,Neuroendocrine Neoplasms of the Small Bowel and Pancreas,2020,10.1159/000503721,0,,9,"ultrasound, based, using, lung, classification"
,[Research progress of feature selection and machine learning methods for mass spectrometry-based protein biomarker discovery],2019,10.13345/j.cjb.190064,0,,14,"cancer, analysis, cell, genes, expression"
,Is Cancer Solvable? Towards Efficient and Ethical Biomedical Science,2019,10.1177/1073110519876164,0,,4,"big, data, care, cancer, digital"
,Pre and post-hoc diagnosis and interpretation of malignancy from breast DCE-MRI,2019,10.1016/j.media.2019.101562,0,,10,"learning, deep, using, based, network"
,"Quadruple Decision Making for Parkinson's Disease Patients: Combining Expert Opinion, Patient Preferences, Scientific Evidence, and Big Data Approaches to Reach Precision Medicine",2020,10.3233/jpd-191712,0,,0,"disease, parkinson, based, learning, diagnosis"
,Deep Learning and Glaucoma Specialists: The Relative Importance of Optic Disc Features to Predict Glaucoma Referral in Fundus Photographs,2019,10.1016/j.ophtha.2019.07.024,0,,3,"automated, neural, deep, learning, glaucoma"
,Spatio-Temporal Convolutional LSTMs for Tumor Growth Prediction by Learning 4D Longitudinal Patient Data,2020,10.1109/tmi.2019.2943841,0,,7,"cancer, learning, prediction, prostate, using"
,Multi-Objective Optimization for Personalized Prediction of Venous Thromboembolism in Ovarian Cancer Patients,2020,10.1109/jbhi.2019.2943499,0,,18,"learning, machine, data, clinical, using"
,Cohort selection for clinical trials: n2c2 2018 shared task track 1,2019,10.1093/jamia/ocz163,0,,8,"drug, learning, 19, covid, trials"
,The Clinical Pharmacogenetics Implementation Consortium: 10 Years Later,2020,10.1002/cpt.1651,0,,15,"medicine, prediction, omics, disease, network"
,Big Data Defined: A Practical Review for Neurosurgeons,2020,10.1016/j.wneu.2019.09.092,0,,4,"big, data, care, cancer, digital"
,Application of fast curvelet Tsallis entropy and kernel random vector functional link network for automated detection of multiclass brain abnormalities,2019,10.1016/j.compmedimag.2019.101656,0,,1,"using, neural, convolutional, eeg, detection"
,Artificial Intelligence for Aortic Pressure Waveform Analysis During Coronary Angiography: Machine Learning for Patient Safety,2019,10.1016/j.jcin.2019.06.036,0,,11,"learning, cardiovascular, deep, analysis, ct"
,Automated grading of acne vulgaris by deep learning with convolutional neural networks,2020,10.1111/srt.12794,0,,3,"automated, neural, deep, learning, glaucoma"
,Big Data Analysis: The Leap into a New Science Methodology,2020,10.1016/j.wneu.2019.04.268,0,,4,"big, data, care, cancer, digital"
,Early Identification of Acute Traumatic Coagulopathy Using Clinical Prediction Tools: A Systematic Review,2019,10.3390/medicina55100653,0,,19,"learning, machine, prediction, model, clinical"
,Ontology-Based Healthcare Named Entity Recognition from Twitter Messages Using a Recurrent Neural Network Approach,2019,10.3390/ijerph16193628,0,,13,"clinical, processing, medical, natural, language"
,Label Self-Advised Support Vector Machine (LSA-SVM)-Automated Classification of Foot Drop Rehabilitation Case Study,2019,10.3390/bios9040114,0,,18,"learning, machine, data, clinical, using"
,Machine learning based risk prediction model for asymptomatic individuals who underwent coronary artery calcium score: Comparison with traditional risk prediction approaches,2020,10.1016/j.jcct.2019.09.005,0,,11,"learning, cardiovascular, deep, analysis, ct"
,Machine-based detection and classification for bone marrow aspirate differential counts: initial development focusing on nonneoplastic cells,2020,10.1038/s41374-019-0325-7,0,,14,"cancer, analysis, cell, genes, expression"
,Prediction of thirty-day morbidity and mortality after laparoscopic sleeve gastrectomy: data from an artificial neural network,2020,10.1007/s00464-019-07130-0,0,,19,"learning, machine, prediction, model, clinical"
,Toward Algorithms for Automation of Postgenomic Data Analyses: Bacillus subtilis Promoter Prediction with Artificial Neural Network,2020,10.1089/omi.2019.0041,0,,15,"medicine, prediction, omics, disease, network"
,Prediction of lung tumor motion using nonlinear autoregressive model with exogenous input,2019,10.1088/1361-6560/ab49ea,0,,7,"cancer, learning, prediction, prostate, using"
,Clinical Data Extraction and Normalization of Cyrillic Electronic Health Records Via Deep-Learning Natural Language Processing,2019,10.1200/cci.19.00057,0,,13,"clinical, processing, medical, natural, language"
